-- phpMyAdmin SQL Dump
-- version 4.6.5.2
-- https://www.phpmyadmin.net/
--
-- Host: 127.0.0.1
-- Generation Time: Aug 17, 2023 at 10:54 AM
-- Server version: 10.1.21-MariaDB
-- PHP Version: 5.6.30

SET SQL_MODE = "NO_AUTO_VALUE_ON_ZERO";
SET time_zone = "+00:00";


/*!40101 SET @OLD_CHARACTER_SET_CLIENT=@@CHARACTER_SET_CLIENT */;
/*!40101 SET @OLD_CHARACTER_SET_RESULTS=@@CHARACTER_SET_RESULTS */;
/*!40101 SET @OLD_COLLATION_CONNECTION=@@COLLATION_CONNECTION */;
/*!40101 SET NAMES utf8mb4 */;

--
-- Database: `fatmahosting`
--

-- --------------------------------------------------------

--
-- Table structure for table `alternatif`
--

CREATE TABLE `alternatif` (
  `id_alternatif` char(11) NOT NULL,
  `nama` varchar(500) NOT NULL
) ENGINE=InnoDB DEFAULT CHARSET=latin1;

--
-- Dumping data for table `alternatif`
--

INSERT INTO `alternatif` (`id_alternatif`, `nama`) VALUES
('0001', 'Protein [Rekomendasi makanan rendah protein : apel, pisang, buah berry, alpukat] [Sayuran: brokoli, paprika] [Vitamin : Vitamin B, omega-3, zat besi] [Jenis olahraga : Latihan beban] '),
('0002', 'Kalori [Rekomendasi makanan rendah kalori : Brokoli, bayam, semangka, stroberi, susu] [Vitamin : Vitamin B kompleks, vitamin C, vitamin D] [Jenis olahraga : Latihan kardiovaskular]'),
('0003', 'Karbohidrat  [Rekomendasi makanan rendah karbohidrat : daging, ayam, telur, ikan] [Sayuran: wortel, timun, asparagus, labu siam] [Vitamin : Vitamin C, vitamin E] [Jenis olahraga : Latihan kardiovaskular]'),
('0004', 'Air [Rekomendasi makanan kandungan air rendah : Buah-buahan segar, timun, asparagus, sup kaldu, daging tanpa lemak, ayam tanpa kulit] [Vitamin : Vitamin C, elektrolit] [Kegiatan : Minum air putih secara teratur, hindari minuman berkafein dan beralkohol] '),
('0005', 'Berat Badan Ideal [Rekomendasi untuk menjaga pola makan sehat dengan mengkonsumsi protein, karbohidrat dan vitamin secara seimbang dan olahraga yang cukup seperti kardio untuk membakar lemak]'),
('0006', 'Dinyatakan Kekurangan Gizi [Rekomendasi makanan bergizi seperti: kacang-kacangan, daging merah, umbi-umbian, jagung, serta protein hewani dan nabati lainnya] [Vitamin: vitamin A dan D] [Hindari gula, garam, dan berbagai produk olahan tepung karena menambah kalori secara signifikan] [Jenis olahraga : Latihan massa otot]');

-- --------------------------------------------------------

--
-- Table structure for table `hasil`
--

CREATE TABLE `hasil` (
  `id_hasil` int(11) NOT NULL,
  `id_user` int(11) NOT NULL,
  `id_alternatif` char(11) NOT NULL,
  `waktu` datetime NOT NULL,
  `nilai` float NOT NULL
) ENGINE=InnoDB DEFAULT CHARSET=latin1;

--
-- Dumping data for table `hasil`
--

INSERT INTO `hasil` (`id_hasil`, `id_user`, `id_alternatif`, `waktu`, `nilai`) VALUES
(1, 12, '0003', '2023-07-27 09:45:44', 0.694252),
(2, 12, '0006', '2023-07-27 09:45:44', 0.406309),
(3, 12, '0004', '2023-07-27 09:45:44', 0.313733),
(4, 12, '0002', '2023-07-27 09:45:44', 0.259314),
(5, 12, '0001', '2023-07-27 09:45:44', 0.15198),
(6, 12, '0003', '2023-07-27 09:45:55', 0.738685),
(7, 12, '0006', '2023-07-27 09:45:55', 0.352606),
(8, 12, '0004', '2023-07-27 09:45:55', 0.318523),
(9, 12, '0002', '2023-07-27 09:45:55', 0.22374),
(10, 12, '0001', '2023-07-27 09:45:55', 0.131262),
(11, 12, '0006', '2023-07-27 09:46:01', 0.632532),
(12, 12, '0003', '2023-07-27 09:46:01', 0.504042),
(13, 12, '0002', '2023-07-27 09:46:01', 0.311052),
(14, 12, '0004', '2023-07-27 09:46:01', 0.254755),
(15, 12, '0001', '2023-07-27 09:46:01', 0.219057),
(16, 12, '0006', '2023-07-27 09:46:09', 0.69668),
(17, 12, '0002', '2023-07-27 09:46:09', 0.489471),
(18, 12, '0004', '2023-07-27 09:46:09', 0.475624),
(19, 12, '0001', '2023-07-27 09:46:09', 0.456967),
(20, 12, '0003', '2023-07-27 09:46:09', 0.378272),
(21, 12, '0006', '2023-07-27 09:46:16', 0.588966),
(22, 12, '0003', '2023-07-27 09:46:16', 0.473007),
(23, 12, '0004', '2023-07-27 09:46:16', 0.459403),
(24, 12, '0002', '2023-07-27 09:46:16', 0.440287),
(25, 12, '0001', '2023-07-27 09:46:16', 0.413283),
(26, 12, '0003', '2023-07-27 09:46:22', 0.562275),
(27, 12, '0006', '2023-07-27 09:46:22', 0.492249),
(28, 12, '0004', '2023-07-27 09:46:22', 0.441153),
(29, 12, '0002', '2023-07-27 09:46:22', 0.3901),
(30, 12, '0001', '2023-07-27 09:46:22', 0.3591),
(31, 12, '0006', '2023-07-27 09:47:01', 0.725354),
(32, 12, '0004', '2023-07-27 09:47:01', 0.441481),
(33, 12, '0002', '2023-07-27 09:47:01', 0.434921),
(34, 12, '0001', '2023-07-27 09:47:01', 0.42466),
(35, 12, '0003', '2023-07-27 09:47:01', 0.409181),
(36, 12, '0003', '2023-07-27 09:47:14', 0.725165),
(37, 12, '0004', '2023-07-27 09:47:14', 0.361498),
(38, 12, '0006', '2023-07-27 09:47:14', 0.337971),
(39, 12, '0002', '2023-07-27 09:47:14', 0.251328),
(40, 12, '0001', '2023-07-27 09:47:14', 0.20509),
(41, 12, '0003', '2023-07-27 09:47:20', 0.697136),
(42, 12, '0006', '2023-07-27 09:47:20', 0.41128),
(43, 12, '0004', '2023-07-27 09:47:20', 0.326365),
(44, 12, '0002', '2023-07-27 09:47:20', 0.233975),
(45, 12, '0001', '2023-07-27 09:47:20', 0.191116),
(46, 12, '0003', '2023-07-27 09:47:28', 0.669159),
(47, 12, '0006', '2023-07-27 09:47:28', 0.473135),
(48, 12, '0004', '2023-07-27 09:47:28', 0.292384),
(49, 12, '0002', '2023-07-27 09:47:28', 0.215183),
(50, 12, '0001', '2023-07-27 09:47:28', 0.175865),
(51, 12, '0003', '2023-07-27 09:47:36', 0.643941),
(52, 12, '0006', '2023-07-27 09:47:36', 0.524406),
(53, 12, '0004', '2023-07-27 09:47:36', 0.262294),
(54, 12, '0002', '2023-07-27 09:47:36', 0.196959),
(55, 12, '0001', '2023-07-27 09:47:36', 0.160983),
(56, 12, '0003', '2023-07-27 09:47:45', 0.669159),
(57, 12, '0006', '2023-07-27 09:47:45', 0.473135),
(58, 12, '0004', '2023-07-27 09:47:45', 0.292384),
(59, 12, '0002', '2023-07-27 09:47:45', 0.215183),
(60, 12, '0001', '2023-07-27 09:47:45', 0.175865),
(61, 12, '0003', '2023-07-27 09:53:32', 0.668444),
(62, 12, '0006', '2023-07-27 09:53:32', 0.484889),
(63, 12, '0004', '2023-07-27 09:53:32', 0.291579),
(64, 12, '0002', '2023-07-27 09:53:32', 0.213995),
(65, 12, '0001', '2023-07-27 09:53:32', 0.176179),
(66, 12, '0003', '2023-07-27 09:54:02', 0.669159),
(67, 12, '0006', '2023-07-27 09:54:02', 0.473135),
(68, 12, '0004', '2023-07-27 09:54:02', 0.292384),
(69, 12, '0002', '2023-07-27 09:54:02', 0.215183),
(70, 12, '0001', '2023-07-27 09:54:02', 0.175865),
(71, 12, '0003', '2023-07-27 14:21:18', 0.580768),
(72, 12, '0006', '2023-07-27 14:21:18', 0.477996),
(73, 12, '0004', '2023-07-27 14:21:18', 0.364012),
(74, 12, '0002', '2023-07-27 14:21:18', 0.346402),
(75, 12, '0001', '2023-07-27 14:21:18', 0.285502),
(76, 12, '0003', '2023-07-27 14:22:16', 0.593882),
(77, 12, '0006', '2023-07-27 14:22:16', 0.511414),
(78, 12, '0004', '2023-07-27 14:22:16', 0.377021),
(79, 12, '0002', '2023-07-27 14:22:16', 0.315942),
(80, 12, '0001', '2023-07-27 14:22:16', 0.302119),
(81, 12, '0003', '2023-07-27 14:22:37', 0.614647),
(82, 12, '0004', '2023-07-27 14:22:37', 0.45447),
(83, 12, '0006', '2023-07-27 14:22:37', 0.419441),
(84, 12, '0002', '2023-07-27 14:22:37', 0.361652),
(85, 12, '0001', '2023-07-27 14:22:37', 0.345094),
(86, 12, '0006', '2023-07-27 14:24:30', 0.61876),
(87, 12, '0002', '2023-07-27 14:24:30', 0.525791),
(88, 12, '0004', '2023-07-27 14:24:30', 0.442484),
(89, 12, '0001', '2023-07-27 14:24:30', 0.427216),
(90, 12, '0003', '2023-07-27 14:24:30', 0.349869),
(91, 12, '0006', '2023-07-27 14:24:34', 0.61876),
(92, 12, '0002', '2023-07-27 14:24:34', 0.525791),
(93, 12, '0004', '2023-07-27 14:24:34', 0.442484),
(94, 12, '0001', '2023-07-27 14:24:34', 0.427216),
(95, 12, '0003', '2023-07-27 14:24:34', 0.349869),
(96, 12, '0003', '2023-07-27 14:25:32', 0.61107),
(97, 12, '0006', '2023-07-27 14:25:32', 0.485057),
(98, 12, '0004', '2023-07-27 14:25:32', 0.325719),
(99, 12, '0002', '2023-07-27 14:25:32', 0.292329),
(100, 12, '0001', '2023-07-27 14:25:32', 0.241436),
(101, 12, '0003', '2023-07-27 18:47:08', 0.665605),
(102, 12, '0006', '2023-07-27 18:47:08', 0.455479),
(103, 12, '0004', '2023-07-27 18:47:08', 0.252058),
(104, 12, '0002', '2023-07-27 18:47:08', 0.221337),
(105, 12, '0001', '2023-07-27 18:47:08', 0.0947364),
(106, 12, '0003', '2023-07-27 18:47:31', 0.54653),
(107, 12, '0006', '2023-07-27 18:47:31', 0.52235),
(108, 12, '0004', '2023-07-27 18:47:31', 0.411881),
(109, 12, '0002', '2023-07-27 18:47:31', 0.376303),
(110, 12, '0001', '2023-07-27 18:47:31', 0.346605),
(111, 12, '0003', '2023-07-27 18:48:07', 0.590589),
(112, 12, '0006', '2023-07-27 18:48:07', 0.577837),
(113, 12, '0004', '2023-07-27 18:48:07', 0.278364),
(114, 12, '0002', '2023-07-27 18:48:07', 0.253397),
(115, 12, '0001', '2023-07-27 18:48:07', 0.206748),
(116, 12, '0003', '2023-07-27 18:48:36', 0.637207),
(117, 12, '0006', '2023-07-27 18:48:36', 0.437605),
(118, 12, '0004', '2023-07-27 18:48:36', 0.377882),
(119, 12, '0002', '2023-07-27 18:48:36', 0.326564),
(120, 12, '0001', '2023-07-27 18:48:36', 0.263859),
(121, 12, '0006', '2023-07-27 18:48:46', 0.626953),
(122, 12, '0003', '2023-07-27 18:48:46', 0.572547),
(123, 12, '0004', '2023-07-27 18:48:46', 0.242776),
(124, 12, '0002', '2023-07-27 18:48:46', 0.223991),
(125, 12, '0001', '2023-07-27 18:48:46', 0.183028),
(126, 12, '0006', '2023-07-27 18:50:36', 0.80481),
(127, 12, '0003', '2023-07-27 18:50:36', 0.5011),
(128, 12, '0002', '2023-07-27 18:50:36', 0.163413),
(129, 12, '0004', '2023-07-27 18:50:36', 0.129451),
(130, 12, '0001', '2023-07-27 18:50:36', 0.113281),
(131, 12, '0006', '2023-07-27 18:52:51', 0.80481),
(132, 12, '0003', '2023-07-27 18:52:51', 0.5011),
(133, 12, '0002', '2023-07-27 18:52:51', 0.163413),
(134, 12, '0004', '2023-07-27 18:52:51', 0.129451),
(135, 12, '0001', '2023-07-27 18:52:51', 0.113281),
(136, 12, '0006', '2023-07-27 18:53:00', 0.621117),
(137, 12, '0003', '2023-07-27 18:53:00', 0.592732),
(138, 12, '0004', '2023-07-27 18:53:00', 0.194396),
(139, 12, '0002', '2023-07-27 18:53:00', 0.172455),
(140, 12, '0001', '2023-07-27 18:53:00', 0.100732),
(141, 12, '0003', '2023-07-27 18:53:10', 0.609694),
(142, 12, '0006', '2023-07-27 18:53:10', 0.572194),
(143, 12, '0004', '2023-07-27 18:53:10', 0.252542),
(144, 12, '0002', '2023-07-27 18:53:10', 0.210753),
(145, 12, '0001', '2023-07-27 18:53:10', 0.172255),
(146, 12, '0003', '2023-07-27 18:53:46', 0.686184),
(147, 12, '0006', '2023-07-27 18:53:46', 0.38243),
(148, 12, '0004', '2023-07-27 18:53:46', 0.368833),
(149, 12, '0002', '2023-07-27 18:53:46', 0.285318),
(150, 12, '0001', '2023-07-27 18:53:46', 0.232063),
(151, 12, '0003', '2023-07-27 18:53:56', 0.725165),
(152, 12, '0004', '2023-07-27 18:53:56', 0.361498),
(153, 12, '0006', '2023-07-27 18:53:56', 0.337971),
(154, 12, '0002', '2023-07-27 18:53:56', 0.251328),
(155, 12, '0001', '2023-07-27 18:53:56', 0.20509),
(156, 12, '0003', '2023-07-27 18:54:10', 0.637207),
(157, 12, '0006', '2023-07-27 18:54:10', 0.437605),
(158, 12, '0004', '2023-07-27 18:54:10', 0.377882),
(159, 12, '0002', '2023-07-27 18:54:10', 0.326564),
(160, 12, '0001', '2023-07-27 18:54:10', 0.263859),
(161, 12, '0003', '2023-07-27 18:55:14', 0.637207),
(162, 12, '0006', '2023-07-27 18:55:14', 0.437605),
(163, 12, '0004', '2023-07-27 18:55:14', 0.377882),
(164, 12, '0002', '2023-07-27 18:55:14', 0.326564),
(165, 12, '0001', '2023-07-27 18:55:14', 0.263859),
(166, 12, '0003', '2023-07-27 18:55:39', 0.686184),
(167, 12, '0006', '2023-07-27 18:55:39', 0.38243),
(168, 12, '0004', '2023-07-27 18:55:39', 0.368833),
(169, 12, '0002', '2023-07-27 18:55:39', 0.285318),
(170, 12, '0001', '2023-07-27 18:55:39', 0.232063),
(171, 12, '0003', '2023-07-27 18:55:45', 0.725165),
(172, 12, '0004', '2023-07-27 18:55:45', 0.361498),
(173, 12, '0006', '2023-07-27 18:55:45', 0.337971),
(174, 12, '0002', '2023-07-27 18:55:45', 0.251328),
(175, 12, '0001', '2023-07-27 18:55:45', 0.20509),
(176, 12, '0003', '2023-07-27 18:55:54', 0.665896),
(177, 12, '0004', '2023-07-27 18:55:54', 0.406285),
(178, 12, '0006', '2023-07-27 18:55:54', 0.380506),
(179, 12, '0002', '2023-07-27 18:55:54', 0.305595),
(180, 12, '0001', '2023-07-27 18:55:54', 0.283258),
(181, 12, '0003', '2023-07-27 18:56:22', 0.568784),
(182, 12, '0004', '2023-07-27 18:56:22', 0.498018),
(183, 12, '0006', '2023-07-27 18:56:22', 0.456947),
(184, 12, '0002', '2023-07-27 18:56:22', 0.410434),
(185, 12, '0001', '2023-07-27 18:56:22', 0.397107),
(186, 12, '0003', '2023-07-27 18:56:29', 0.563873),
(187, 12, '0006', '2023-07-27 18:56:29', 0.493199),
(188, 12, '0004', '2023-07-27 18:56:29', 0.4585),
(189, 12, '0002', '2023-07-27 18:56:29', 0.387557),
(190, 12, '0001', '2023-07-27 18:56:29', 0.375436),
(191, 12, '0003', '2023-07-27 18:57:16', 0.563873),
(192, 12, '0006', '2023-07-27 18:57:16', 0.493199),
(193, 12, '0004', '2023-07-27 18:57:16', 0.4585),
(194, 12, '0002', '2023-07-27 18:57:16', 0.387557),
(195, 12, '0001', '2023-07-27 18:57:16', 0.375436),
(196, 12, '0003', '2023-08-13 20:10:21', 0.563873),
(197, 12, '0006', '2023-08-13 20:10:21', 0.493199),
(198, 12, '0004', '2023-08-13 20:10:21', 0.4585),
(199, 12, '0002', '2023-08-13 20:10:21', 0.387557),
(200, 12, '0001', '2023-08-13 20:10:21', 0.375436),
(201, 12, '0003', '2023-08-13 20:10:56', 0.563873),
(202, 12, '0006', '2023-08-13 20:10:56', 0.493199),
(203, 12, '0004', '2023-08-13 20:10:56', 0.4585),
(204, 12, '0002', '2023-08-13 20:10:56', 0.387557),
(205, 12, '0001', '2023-08-13 20:10:56', 0.375436),
(206, 12, '0003', '2023-08-13 20:13:31', 0.696066),
(207, 12, '0006', '2023-08-13 20:13:31', 0.442752),
(208, 12, '0004', '2023-08-13 20:13:31', 0.277959),
(209, 12, '0002', '2023-08-13 20:13:31', 0.202151),
(210, 12, '0001', '2023-08-13 20:13:31', 0.118472),
(211, 8, '0003', '2023-08-14 06:40:52', 0.665896),
(212, 8, '0004', '2023-08-14 06:40:52', 0.406285),
(213, 8, '0006', '2023-08-14 06:40:52', 0.380506),
(214, 8, '0002', '2023-08-14 06:40:52', 0.305595),
(215, 8, '0001', '2023-08-14 06:40:52', 0.283258),
(216, 12, '0003', '2023-08-15 05:16:12', 0.620177),
(217, 12, '0006', '2023-08-15 05:16:12', 0.429932),
(218, 12, '0004', '2023-08-15 05:16:12', 0.42239),
(219, 12, '0002', '2023-08-15 05:16:12', 0.344082),
(220, 12, '0001', '2023-08-15 05:16:12', 0.318157),
(221, 8, '0003', '2023-08-15 05:53:59', 0.630425),
(222, 8, '0006', '2023-08-15 05:53:59', 0.49371),
(223, 8, '0004', '2023-08-15 05:53:59', 0.332048),
(224, 8, '0002', '2023-08-15 05:53:59', 0.264039),
(225, 8, '0001', '2023-08-15 05:53:59', 0.245102),
(226, 8, '0003', '2023-08-15 10:05:27', 0.810117),
(227, 8, '0004', '2023-08-15 10:05:27', 0.60731),
(228, 8, '0002', '2023-08-15 10:05:27', 0.520822),
(229, 8, '0001', '2023-08-15 10:05:27', 0.503375),
(230, 8, '0005', '2023-08-15 10:05:27', 0),
(231, 8, '0003', '2023-08-15 10:06:09', 0.791737),
(232, 8, '0004', '2023-08-15 10:06:09', 0.608809),
(233, 8, '0002', '2023-08-15 10:06:09', 0.544371),
(234, 8, '0001', '2023-08-15 10:06:09', 0.523982),
(235, 8, '0005', '2023-08-15 10:06:09', 0),
(236, 8, '0003', '2023-08-15 10:07:04', 0.589981),
(237, 8, '0006', '2023-08-15 10:07:04', 0.544906),
(238, 8, '0004', '2023-08-15 10:07:04', 0.331867),
(239, 8, '0002', '2023-08-15 10:07:04', 0.285883),
(240, 8, '0001', '2023-08-15 10:07:04', 0.26521),
(241, 8, '0003', '2023-08-15 10:12:03', 0.630425),
(242, 8, '0006', '2023-08-15 10:12:03', 0.49371),
(243, 8, '0004', '2023-08-15 10:12:03', 0.332048),
(244, 8, '0002', '2023-08-15 10:12:03', 0.264039),
(245, 8, '0001', '2023-08-15 10:12:03', 0.245102),
(246, 8, '0003', '2023-08-15 10:12:09', 0.61107),
(247, 8, '0006', '2023-08-15 10:12:09', 0.485057),
(248, 8, '0004', '2023-08-15 10:12:09', 0.325719),
(249, 8, '0002', '2023-08-15 10:12:09', 0.292329),
(250, 8, '0001', '2023-08-15 10:12:09', 0.241436),
(251, 8, '0006', '2023-08-15 10:12:30', 0.708682),
(252, 8, '0003', '2023-08-15 10:12:30', 0.445659),
(253, 8, '0002', '2023-08-15 10:12:30', 0.321586),
(254, 8, '0004', '2023-08-15 10:12:30', 0.241727),
(255, 8, '0001', '2023-08-15 10:12:30', 0.231808),
(256, 8, '0006', '2023-08-15 10:12:57', 0.646816),
(257, 8, '0003', '2023-08-15 10:12:57', 0.478545),
(258, 8, '0004', '2023-08-15 10:12:57', 0.385107),
(259, 8, '0002', '2023-08-15 10:12:57', 0.376569),
(260, 8, '0001', '2023-08-15 10:12:57', 0.355035),
(261, 8, '0002', '2023-08-15 10:13:33', 0.543809),
(262, 8, '0004', '2023-08-15 10:13:33', 0.495663),
(263, 8, '0006', '2023-08-15 10:13:33', 0.488958),
(264, 8, '0001', '2023-08-15 10:13:33', 0.43923),
(265, 8, '0003', '2023-08-15 10:13:33', 0.433407),
(266, 8, '0004', '2023-08-15 10:14:02', 0.546987),
(267, 8, '0006', '2023-08-15 10:14:02', 0.530104),
(268, 8, '0002', '2023-08-15 10:14:02', 0.507577),
(269, 8, '0001', '2023-08-15 10:14:02', 0.472678),
(270, 8, '0003', '2023-08-15 10:14:02', 0.468053),
(271, 8, '0003', '2023-08-15 10:34:09', 0.631439),
(272, 8, '0004', '2023-08-15 10:34:09', 0.464956),
(273, 8, '0006', '2023-08-15 10:34:09', 0.372558),
(274, 8, '0002', '2023-08-15 10:34:09', 0.366705),
(275, 8, '0001', '2023-08-15 10:34:09', 0.338408),
(276, 8, '0003', '2023-08-15 10:34:32', 0.678469),
(277, 8, '0004', '2023-08-15 10:34:32', 0.437155),
(278, 8, '0006', '2023-08-15 10:34:32', 0.325957),
(279, 8, '0002', '2023-08-15 10:34:32', 0.320089),
(280, 8, '0001', '2023-08-15 10:34:32', 0.296459),
(281, 8, '0003', '2023-08-15 10:34:39', 0.630425),
(282, 8, '0006', '2023-08-15 10:34:39', 0.49371),
(283, 8, '0004', '2023-08-15 10:34:39', 0.332048),
(284, 8, '0002', '2023-08-15 10:34:39', 0.264039),
(285, 8, '0001', '2023-08-15 10:34:39', 0.245102),
(286, 8, '0003', '2023-08-15 10:34:44', 0.694477),
(287, 8, '0006', '2023-08-15 10:34:44', 0.463675),
(288, 8, '0004', '2023-08-15 10:34:44', 0.257448),
(289, 8, '0002', '2023-08-15 10:34:44', 0.165242),
(290, 8, '0001', '2023-08-15 10:34:44', 0.0964102),
(291, 8, '0003', '2023-08-15 17:54:36', 0.694477),
(292, 8, '0006', '2023-08-15 17:54:36', 0.463675),
(293, 8, '0004', '2023-08-15 17:54:36', 0.257448),
(294, 8, '0002', '2023-08-15 17:54:36', 0.165242),
(295, 8, '0001', '2023-08-15 17:54:36', 0.0964102),
(296, 8, '0006', '2023-08-15 17:54:59', 0.656874),
(297, 8, '0003', '2023-08-15 17:54:59', 0.559908),
(298, 8, '0002', '2023-08-15 17:54:59', 0.195738),
(299, 8, '0004', '2023-08-15 17:54:59', 0.189802),
(300, 8, '0001', '2023-08-15 17:54:59', 0.126863),
(301, 8, '0006', '2023-08-15 17:55:48', 0.768213),
(302, 8, '0003', '2023-08-15 17:55:48', 0.501599),
(303, 8, '0002', '2023-08-15 17:55:48', 0.19483),
(304, 8, '0004', '2023-08-15 17:55:48', 0.155465),
(305, 8, '0001', '2023-08-15 17:55:48', 0.135855),
(306, 8, '0003', '2023-08-15 17:56:00', 0.694477),
(307, 8, '0006', '2023-08-15 17:56:00', 0.463675),
(308, 8, '0004', '2023-08-15 17:56:00', 0.257448),
(309, 8, '0002', '2023-08-15 17:56:00', 0.165242),
(310, 8, '0001', '2023-08-15 17:56:00', 0.0964102),
(311, 8, '0006', '2023-08-15 17:56:15', 0.768213),
(312, 8, '0003', '2023-08-15 17:56:15', 0.501599),
(313, 8, '0002', '2023-08-15 17:56:15', 0.19483),
(314, 8, '0004', '2023-08-15 17:56:15', 0.155465),
(315, 8, '0001', '2023-08-15 17:56:15', 0.135855),
(316, 8, '0005', '2023-08-15 17:58:57', 0.768213),
(317, 8, '0003', '2023-08-15 17:58:57', 0.501599),
(318, 8, '0002', '2023-08-15 17:58:57', 0.19483),
(319, 8, '0004', '2023-08-15 17:58:57', 0.155465),
(320, 8, '0001', '2023-08-15 17:58:57', 0.135855),
(321, 8, '0005', '2023-08-15 18:01:17', 0.782269),
(322, 8, '0003', '2023-08-15 18:01:17', 0.496169),
(323, 8, '0002', '2023-08-15 18:01:17', 0.190181),
(324, 8, '0001', '2023-08-15 18:01:17', 0.152138),
(325, 8, '0004', '2023-08-15 18:01:17', 0.148891),
(326, 8, '0005', '2023-08-15 18:02:01', 0.768213),
(327, 8, '0003', '2023-08-15 18:02:01', 0.501599),
(328, 8, '0002', '2023-08-15 18:02:01', 0.19483),
(329, 8, '0004', '2023-08-15 18:02:01', 0.155465),
(330, 8, '0001', '2023-08-15 18:02:01', 0.135855),
(331, 8, '0005', '2023-08-15 18:09:07', 0.73552),
(332, 8, '0003', '2023-08-15 18:09:07', 0.516411),
(333, 8, '0002', '2023-08-15 18:09:07', 0.205937),
(334, 8, '0004', '2023-08-15 18:09:07', 0.171401),
(335, 8, '0001', '2023-08-15 18:09:07', 0.133796),
(336, 8, '0005', '2023-08-15 18:09:55', 0.711254),
(337, 8, '0003', '2023-08-15 18:09:55', 0.433039),
(338, 8, '0002', '2023-08-15 18:09:55', 0.404281),
(339, 8, '0004', '2023-08-15 18:09:55', 0.392235),
(340, 8, '0001', '2023-08-15 18:09:55', 0.371652),
(341, 8, '0003', '2023-08-15 18:10:04', 0.623015),
(342, 8, '0005', '2023-08-15 18:10:04', 0.470026),
(343, 8, '0004', '2023-08-15 18:10:04', 0.382919),
(344, 8, '0002', '2023-08-15 18:10:04', 0.326043),
(345, 8, '0001', '2023-08-15 18:10:04', 0.281358),
(346, 8, '0003', '2023-08-15 18:10:12', 0.660696),
(347, 8, '0005', '2023-08-15 18:10:12', 0.425854),
(348, 8, '0004', '2023-08-15 18:10:12', 0.375926),
(349, 8, '0002', '2023-08-15 18:10:12', 0.296706),
(350, 8, '0001', '2023-08-15 18:10:12', 0.257281),
(351, 8, '0003', '2023-08-15 18:10:21', 0.579958),
(352, 8, '0005', '2023-08-15 18:10:21', 0.520831),
(353, 8, '0004', '2023-08-15 18:10:21', 0.390206),
(354, 8, '0002', '2023-08-15 18:10:21', 0.357635),
(355, 8, '0001', '2023-08-15 18:10:21', 0.306569),
(356, 8, '0005', '2023-08-15 18:10:31', 0.629325),
(357, 8, '0003', '2023-08-15 18:10:31', 0.491848),
(358, 8, '0004', '2023-08-15 18:10:31', 0.38768),
(359, 8, '0002', '2023-08-15 18:10:31', 0.379147),
(360, 8, '0001', '2023-08-15 18:10:31', 0.349582),
(361, 8, '0005', '2023-08-15 18:10:38', 0.6779),
(362, 8, '0004', '2023-08-15 18:10:38', 0.502974),
(363, 8, '0002', '2023-08-15 18:10:38', 0.49141),
(364, 8, '0001', '2023-08-15 18:10:38', 0.472514),
(365, 8, '0003', '2023-08-15 18:10:38', 0.403837),
(366, 8, '0005', '2023-08-15 18:10:47', 0.573999),
(367, 8, '0003', '2023-08-15 18:10:47', 0.491428),
(368, 8, '0004', '2023-08-15 18:10:47', 0.489989),
(369, 8, '0002', '2023-08-15 18:10:47', 0.458981),
(370, 8, '0001', '2023-08-15 18:10:47', 0.424242),
(371, 8, '0003', '2023-08-15 18:10:53', 0.536304),
(372, 8, '0005', '2023-08-15 18:10:53', 0.523676),
(373, 8, '0004', '2023-08-15 18:10:53', 0.475216),
(374, 8, '0002', '2023-08-15 18:10:53', 0.424351),
(375, 8, '0001', '2023-08-15 18:10:53', 0.394865),
(376, 8, '0003', '2023-08-15 18:11:00', 0.576764),
(377, 8, '0005', '2023-08-15 18:11:00', 0.479019),
(378, 8, '0004', '2023-08-15 18:11:00', 0.460108),
(379, 8, '0002', '2023-08-15 18:11:00', 0.391303),
(380, 8, '0001', '2023-08-15 18:11:00', 0.366021),
(381, 8, '0003', '2023-08-15 18:11:16', 0.752423),
(382, 8, '0005', '2023-08-15 18:11:16', 0.368739),
(383, 8, '0004', '2023-08-15 18:11:16', 0.321266),
(384, 8, '0002', '2023-08-15 18:11:16', 0.233515),
(385, 8, '0001', '2023-08-15 18:11:16', 0.0979872),
(386, 8, '0003', '2023-08-15 18:11:23', 0.719224),
(387, 8, '0005', '2023-08-15 18:11:23', 0.38386),
(388, 8, '0004', '2023-08-15 18:11:23', 0.349479),
(389, 8, '0002', '2023-08-15 18:11:23', 0.268993),
(390, 8, '0001', '2023-08-15 18:11:23', 0.178485),
(391, 8, '0003', '2023-08-16 05:41:41', 0.606227),
(392, 8, '0005', '2023-08-16 05:41:41', 0.524185),
(393, 8, '0004', '2023-08-16 05:41:41', 0.340849),
(394, 8, '0002', '2023-08-16 05:41:41', 0.29686),
(395, 8, '0001', '2023-08-16 05:41:41', 0.257409),
(396, 12, '0003', '2023-08-16 08:17:08', 0.606227),
(397, 12, '0005', '2023-08-16 08:17:08', 0.524185),
(398, 12, '0004', '2023-08-16 08:17:08', 0.340849),
(399, 12, '0002', '2023-08-16 08:17:08', 0.29686),
(400, 12, '0001', '2023-08-16 08:17:08', 0.257409),
(401, 12, '0005', '2023-08-16 08:59:32', 0.621523),
(402, 12, '0003', '2023-08-16 08:59:32', 0.474095),
(403, 12, '0002', '2023-08-16 08:59:32', 0.411449),
(404, 12, '0004', '2023-08-16 08:59:32', 0.387653),
(405, 12, '0001', '2023-08-16 08:59:32', 0.347016),
(406, 12, '0005', '2023-08-16 09:01:41', 0.574499),
(407, 12, '0003', '2023-08-16 09:01:41', 0.56719),
(408, 12, '0004', '2023-08-16 09:01:41', 0.341715),
(409, 12, '0002', '2023-08-16 09:01:41', 0.318853),
(410, 12, '0001', '2023-08-16 09:01:41', 0.275511),
(411, 12, '0005', '2023-08-16 09:02:34', 0.619365),
(412, 12, '0003', '2023-08-16 09:02:34', 0.555807),
(413, 12, '0004', '2023-08-16 09:02:34', 0.301988),
(414, 12, '0002', '2023-08-16 09:02:34', 0.285176),
(415, 12, '0001', '2023-08-16 09:02:34', 0.247668),
(416, 12, '0003', '2023-08-16 09:04:22', 0.590564),
(417, 12, '0005', '2023-08-16 09:04:22', 0.570389),
(418, 12, '0004', '2023-08-16 09:04:22', 0.30466),
(419, 12, '0002', '2023-08-16 09:04:22', 0.269734),
(420, 12, '0001', '2023-08-16 09:04:22', 0.23468),
(421, 12, '0003', '2023-08-16 09:06:51', 0.638975),
(422, 12, '0004', '2023-08-16 09:06:51', 0.42837),
(423, 12, '0005', '2023-08-16 09:06:51', 0.409648),
(424, 12, '0002', '2023-08-16 09:06:51', 0.354434),
(425, 12, '0001', '2023-08-16 09:06:51', 0.304052),
(426, 12, '0003', '2023-08-16 09:09:20', 0.767681),
(427, 12, '0004', '2023-08-16 09:09:20', 0.357984),
(428, 12, '0005', '2023-08-16 09:09:20', 0.316871),
(429, 12, '0002', '2023-08-16 09:09:20', 0.28151),
(430, 12, '0001', '2023-08-16 09:09:20', 0.117062),
(431, 12, '0003', '2023-08-16 21:15:12', 0.595394),
(432, 12, '0006', '2023-08-16 21:15:12', 0.518379),
(433, 12, '0005', '2023-08-16 21:15:12', 0.454516),
(434, 12, '0004', '2023-08-16 21:15:12', 0.4452),
(435, 12, '0002', '2023-08-16 21:15:12', 0.397801),
(436, 12, '0001', '2023-08-16 21:15:12', 0.335159),
(437, 12, '0003', '2023-08-16 21:15:43', 0.595394),
(438, 12, '0006', '2023-08-16 21:15:43', 0.518379),
(439, 12, '0005', '2023-08-16 21:15:43', 0.454516),
(440, 12, '0004', '2023-08-16 21:15:43', 0.4452),
(441, 12, '0002', '2023-08-16 21:15:43', 0.397801),
(442, 12, '0001', '2023-08-16 21:15:43', 0.335159),
(443, 12, '0003', '2023-08-16 21:15:51', 0.689125),
(444, 12, '0006', '2023-08-16 21:15:51', 0.474095),
(445, 12, '0004', '2023-08-16 21:15:51', 0.404478),
(446, 12, '0005', '2023-08-16 21:15:51', 0.376456),
(447, 12, '0002', '2023-08-16 21:15:51', 0.360997),
(448, 12, '0001', '2023-08-16 21:15:51', 0.228859),
(449, 12, '0003', '2023-08-16 21:16:22', 0.740398),
(450, 12, '0006', '2023-08-16 21:16:22', 0.440614),
(451, 12, '0004', '2023-08-16 21:16:22', 0.364159),
(452, 12, '0005', '2023-08-16 21:16:22', 0.34671),
(453, 12, '0002', '2023-08-16 21:16:22', 0.319892),
(454, 12, '0001', '2023-08-16 21:16:22', 0.129216),
(455, 12, '0006', '2023-08-16 21:16:29', 0.565407),
(456, 12, '0003', '2023-08-16 21:16:29', 0.541176),
(457, 12, '0004', '2023-08-16 21:16:29', 0.499228),
(458, 12, '0005', '2023-08-16 21:16:29', 0.495068),
(459, 12, '0002', '2023-08-16 21:16:29', 0.452877),
(460, 12, '0001', '2023-08-16 21:16:29', 0.401971),
(461, 12, '0003', '2023-08-16 21:16:40', 0.589604),
(462, 12, '0006', '2023-08-16 21:16:40', 0.52758),
(463, 12, '0004', '2023-08-16 21:16:40', 0.476038),
(464, 12, '0005', '2023-08-16 21:16:40', 0.444407),
(465, 12, '0002', '2023-08-16 21:16:40', 0.40587),
(466, 12, '0001', '2023-08-16 21:16:40', 0.364617),
(467, 12, '0006', '2023-08-16 21:18:07', 0.664982),
(468, 12, '0003', '2023-08-16 21:18:07', 0.522481),
(469, 12, '0005', '2023-08-16 21:18:07', 0.445966),
(470, 12, '0004', '2023-08-16 21:18:07', 0.424459),
(471, 12, '0002', '2023-08-16 21:18:07', 0.385499),
(472, 12, '0001', '2023-08-16 21:18:07', 0.319441),
(473, 12, '0003', '2023-08-16 21:18:21', 0.637829),
(474, 12, '0006', '2023-08-16 21:18:21', 0.596428),
(475, 12, '0004', '2023-08-16 21:18:21', 0.395499),
(476, 12, '0005', '2023-08-16 21:18:21', 0.375097),
(477, 12, '0002', '2023-08-16 21:18:21', 0.358594),
(478, 12, '0001', '2023-08-16 21:18:21', 0.21858),
(479, 12, '0006', '2023-08-16 21:18:29', 0.607023),
(480, 12, '0003', '2023-08-16 21:18:29', 0.549738),
(481, 12, '0005', '2023-08-16 21:18:29', 0.464636),
(482, 12, '0004', '2023-08-16 21:18:29', 0.381633),
(483, 12, '0002', '2023-08-16 21:18:29', 0.37502),
(484, 12, '0001', '2023-08-16 21:18:29', 0.267534),
(485, 12, '0006', '2023-08-16 21:18:43', 0.607023),
(486, 12, '0003', '2023-08-16 21:18:43', 0.549738),
(487, 12, '0005', '2023-08-16 21:18:43', 0.464636),
(488, 12, '0004', '2023-08-16 21:18:43', 0.381633),
(489, 12, '0002', '2023-08-16 21:18:43', 0.37502),
(490, 12, '0001', '2023-08-16 21:18:43', 0.267534),
(491, 12, '0003', '2023-08-16 21:18:50', 0.636636),
(492, 12, '0006', '2023-08-16 21:18:50', 0.547081),
(493, 12, '0005', '2023-08-16 21:18:50', 0.441033),
(494, 12, '0004', '2023-08-16 21:18:50', 0.324361),
(495, 12, '0002', '2023-08-16 21:18:50', 0.323712),
(496, 12, '0001', '2023-08-16 21:18:50', 0.156085),
(497, 12, '0006', '2023-08-16 21:18:58', 0.734832),
(498, 12, '0005', '2023-08-16 21:18:58', 0.567339),
(499, 12, '0004', '2023-08-16 21:18:58', 0.482399),
(500, 12, '0002', '2023-08-16 21:18:58', 0.47044),
(501, 12, '0001', '2023-08-16 21:18:58', 0.439276),
(502, 12, '0003', '2023-08-16 21:18:58', 0.359573),
(503, 12, '0006', '2023-08-16 21:19:07', 0.687573),
(504, 12, '0005', '2023-08-16 21:19:07', 0.544465),
(505, 12, '0004', '2023-08-16 21:19:07', 0.430075),
(506, 12, '0002', '2023-08-16 21:19:07', 0.41971),
(507, 12, '0003', '2023-08-16 21:19:07', 0.418733),
(508, 12, '0001', '2023-08-16 21:19:07', 0.378237),
(509, 12, '0006', '2023-08-16 21:19:15', 0.770927),
(510, 12, '0005', '2023-08-16 21:19:15', 0.586332),
(511, 12, '0004', '2023-08-16 21:19:15', 0.521132),
(512, 12, '0002', '2023-08-16 21:19:15', 0.509246),
(513, 12, '0001', '2023-08-16 21:19:15', 0.484418),
(514, 12, '0003', '2023-08-16 21:19:15', 0.313993),
(515, 12, '0006', '2023-08-16 21:19:31', 0.741769),
(516, 12, '0005', '2023-08-16 21:19:31', 0.504832),
(517, 12, '0004', '2023-08-16 21:19:31', 0.503943),
(518, 12, '0002', '2023-08-16 21:19:31', 0.470436),
(519, 12, '0001', '2023-08-16 21:19:31', 0.427459),
(520, 12, '0003', '2023-08-16 21:19:31', 0.410098),
(521, 12, '0006', '2023-08-16 21:19:40', 0.725937),
(522, 12, '0003', '2023-08-16 21:19:40', 0.499127),
(523, 12, '0004', '2023-08-16 21:19:40', 0.46856),
(524, 12, '0005', '2023-08-16 21:19:40', 0.425262),
(525, 12, '0002', '2023-08-16 21:19:40', 0.395477),
(526, 12, '0001', '2023-08-16 21:19:40', 0.365064),
(527, 12, '0006', '2023-08-16 21:19:46', 0.778005),
(528, 12, '0005', '2023-08-16 21:19:46', 0.633163),
(529, 12, '0002', '2023-08-16 21:19:46', 0.541772),
(530, 12, '0004', '2023-08-16 21:19:46', 0.533284),
(531, 12, '0001', '2023-08-16 21:19:46', 0.51289),
(532, 12, '0003', '2023-08-16 21:19:46', 0.25235),
(533, 12, '0006', '2023-08-16 21:24:22', 0.630289),
(534, 12, '0003', '2023-08-16 21:24:22', 0.556794),
(535, 12, '0004', '2023-08-16 21:24:22', 0.448262),
(536, 12, '0002', '2023-08-16 21:24:22', 0.430151),
(537, 12, '0005', '2023-08-16 21:24:22', 0.369376),
(538, 12, '0001', '2023-08-16 21:24:22', 0.298777),
(539, 12, '0003', '2023-08-16 21:24:31', 0.65091),
(540, 12, '0006', '2023-08-16 21:24:31', 0.609625),
(541, 12, '0004', '2023-08-16 21:24:31', 0.439951),
(542, 12, '0002', '2023-08-16 21:24:31', 0.389664),
(543, 12, '0005', '2023-08-16 21:24:31', 0.288309),
(544, 12, '0001', '2023-08-16 21:24:31', 0.233358),
(545, 12, '0003', '2023-08-16 21:24:38', 0.684013),
(546, 12, '0006', '2023-08-16 21:24:38', 0.619741),
(547, 12, '0004', '2023-08-16 21:24:38', 0.420264),
(548, 12, '0002', '2023-08-16 21:24:38', 0.341544),
(549, 12, '0005', '2023-08-16 21:24:38', 0.259792),
(550, 12, '0001', '2023-08-16 21:24:38', 0.209959),
(551, 12, '0003', '2023-08-16 21:24:50', 0.714131),
(552, 12, '0006', '2023-08-16 21:24:50', 0.628426),
(553, 12, '0004', '2023-08-16 21:24:50', 0.403768),
(554, 12, '0002', '2023-08-16 21:24:50', 0.302017),
(555, 12, '0005', '2023-08-16 21:24:50', 0.233955),
(556, 12, '0001', '2023-08-16 21:24:50', 0.188694),
(557, 12, '0006', '2023-08-16 21:25:05', 0.681021),
(558, 12, '0003', '2023-08-16 21:25:05', 0.616738),
(559, 12, '0004', '2023-08-16 21:25:05', 0.426714),
(560, 12, '0002', '2023-08-16 21:25:05', 0.324651),
(561, 12, '0005', '2023-08-16 21:25:05', 0.304072),
(562, 12, '0001', '2023-08-16 21:25:05', 0.273234),
(563, 12, '0006', '2023-08-16 21:25:15', 0.687904),
(564, 12, '0003', '2023-08-16 21:25:15', 0.524291),
(565, 12, '0004', '2023-08-16 21:25:15', 0.473382),
(566, 12, '0002', '2023-08-16 21:25:15', 0.419255),
(567, 12, '0005', '2023-08-16 21:25:15', 0.382938),
(568, 12, '0001', '2023-08-16 21:25:15', 0.343412),
(569, 12, '0006', '2023-08-16 21:25:58', 0.730319),
(570, 12, '0004', '2023-08-16 21:25:58', 0.51375),
(571, 12, '0002', '2023-08-16 21:25:58', 0.464593),
(572, 12, '0003', '2023-08-16 21:25:58', 0.457818),
(573, 12, '0005', '2023-08-16 21:25:58', 0.43292),
(574, 12, '0001', '2023-08-16 21:25:58', 0.404595),
(575, 12, '0006', '2023-08-16 21:26:04', 0.678536),
(576, 12, '0005', '2023-08-16 21:26:04', 0.527395),
(577, 12, '0003', '2023-08-16 21:26:04', 0.463774),
(578, 12, '0004', '2023-08-16 21:26:04', 0.417671),
(579, 12, '0002', '2023-08-16 21:26:04', 0.392278),
(580, 12, '0001', '2023-08-16 21:26:04', 0.348636),
(581, 12, '0006', '2023-08-16 21:26:10', 0.650765),
(582, 12, '0005', '2023-08-16 21:26:10', 0.574635),
(583, 12, '0003', '2023-08-16 21:26:10', 0.467753),
(584, 12, '0004', '2023-08-16 21:26:10', 0.37155),
(585, 12, '0002', '2023-08-16 21:26:10', 0.353728),
(586, 12, '0001', '2023-08-16 21:26:10', 0.316818),
(587, 12, '0006', '2023-08-16 21:27:44', 0.716662),
(588, 12, '0003', '2023-08-16 21:27:44', 0.510309),
(589, 12, '0005', '2023-08-16 21:27:44', 0.415422),
(590, 12, '0004', '2023-08-16 21:27:44', 0.357607),
(591, 12, '0002', '2023-08-16 21:27:44', 0.353968),
(592, 12, '0001', '2023-08-16 21:27:44', 0.254592),
(593, 12, '0006', '2023-08-16 21:28:02', 0.769946),
(594, 12, '0005', '2023-08-16 21:28:02', 0.52999),
(595, 12, '0003', '2023-08-16 21:28:02', 0.369738),
(596, 12, '0002', '2023-08-16 21:28:02', 0.364371),
(597, 12, '0004', '2023-08-16 21:28:02', 0.335384),
(598, 12, '0001', '2023-08-16 21:28:02', 0.300831),
(599, 12, '0006', '2023-08-16 21:28:17', 0.672203),
(600, 12, '0003', '2023-08-16 21:28:17', 0.670005),
(601, 12, '0004', '2023-08-16 21:28:17', 0.365093),
(602, 12, '0002', '2023-08-16 21:28:17', 0.281868),
(603, 12, '0005', '2023-08-16 21:28:17', 0.276218),
(604, 12, '0001', '2023-08-16 21:28:17', 0.177234),
(605, 12, '0005', '2023-08-16 21:29:32', 0.621712),
(606, 12, '0006', '2023-08-16 21:29:32', 0.469472),
(607, 12, '0003', '2023-08-16 21:29:32', 0.434844),
(608, 12, '0004', '2023-08-16 21:29:32', 0.350633),
(609, 12, '0002', '2023-08-16 21:29:32', 0.348598),
(610, 12, '0001', '2023-08-16 21:29:32', 0.317002),
(611, 12, '0005', '2023-08-16 21:29:43', 0.525354),
(612, 12, '0003', '2023-08-16 21:29:43', 0.519319),
(613, 12, '0006', '2023-08-16 21:29:43', 0.486277),
(614, 12, '0004', '2023-08-16 21:29:43', 0.360075),
(615, 12, '0002', '2023-08-16 21:29:43', 0.33594),
(616, 12, '0001', '2023-08-16 21:29:43', 0.28206),
(617, 12, '0003', '2023-08-16 21:29:54', 0.561204),
(618, 12, '0006', '2023-08-16 21:29:54', 0.503417),
(619, 12, '0005', '2023-08-16 21:29:54', 0.479367),
(620, 12, '0004', '2023-08-16 21:29:54', 0.357003),
(621, 12, '0002', '2023-08-16 21:29:54', 0.309849),
(622, 12, '0001', '2023-08-16 21:29:54', 0.261509),
(623, 12, '0003', '2023-08-16 21:30:01', 0.599365),
(624, 12, '0006', '2023-08-16 21:30:01', 0.520834),
(625, 12, '0005', '2023-08-16 21:30:01', 0.437975),
(626, 12, '0004', '2023-08-16 21:30:01', 0.353959),
(627, 12, '0002', '2023-08-16 21:30:01', 0.284642),
(628, 12, '0001', '2023-08-16 21:30:01', 0.241189),
(629, 12, '0006', '2023-08-16 21:31:18', 0.563361),
(630, 12, '0003', '2023-08-16 21:31:18', 0.522093),
(631, 12, '0005', '2023-08-16 21:31:18', 0.457253),
(632, 12, '0004', '2023-08-16 21:31:18', 0.415434),
(633, 12, '0002', '2023-08-16 21:31:18', 0.378885),
(634, 12, '0001', '2023-08-16 21:31:18', 0.314594),
(635, 12, '0006', '2023-08-16 21:31:28', 0.614057),
(636, 12, '0005', '2023-08-16 21:31:28', 0.485396),
(637, 12, '0003', '2023-08-16 21:31:28', 0.460805),
(638, 12, '0004', '2023-08-16 21:31:28', 0.459709),
(639, 12, '0002', '2023-08-16 21:31:28', 0.425387),
(640, 12, '0001', '2023-08-16 21:31:28', 0.374931),
(641, 12, '0006', '2023-08-16 21:31:39', 0.617288),
(642, 12, '0005', '2023-08-16 21:31:39', 0.57566),
(643, 12, '0004', '2023-08-16 21:31:39', 0.471283),
(644, 12, '0002', '2023-08-16 21:31:39', 0.460659),
(645, 12, '0001', '2023-08-16 21:31:39', 0.430761),
(646, 12, '0003', '2023-08-16 21:31:39', 0.362424),
(647, 12, '0006', '2023-08-16 21:31:45', 0.624419),
(648, 12, '0003', '2023-08-16 21:31:45', 0.549561),
(649, 12, '0004', '2023-08-16 21:31:45', 0.429805),
(650, 12, '0005', '2023-08-16 21:31:45', 0.402433),
(651, 12, '0002', '2023-08-16 21:31:45', 0.352276),
(652, 12, '0001', '2023-08-16 21:31:45', 0.315597),
(653, 12, '0006', '2023-08-16 21:31:52', 0.558875),
(654, 12, '0003', '2023-08-16 21:31:52', 0.545948),
(655, 12, '0005', '2023-08-16 21:31:52', 0.455863),
(656, 12, '0004', '2023-08-16 21:31:52', 0.391333),
(657, 12, '0002', '2023-08-16 21:31:52', 0.328752),
(658, 12, '0001', '2023-08-16 21:31:52', 0.295625),
(659, 12, '0003', '2023-08-16 21:32:02', 0.67559),
(660, 12, '0006', '2023-08-16 21:32:02', 0.485099),
(661, 12, '0005', '2023-08-16 21:32:02', 0.4014),
(662, 12, '0004', '2023-08-16 21:32:02', 0.33531),
(663, 12, '0002', '2023-08-16 21:32:02', 0.26459),
(664, 12, '0001', '2023-08-16 21:32:02', 0.167117),
(665, 12, '0003', '2023-08-16 21:32:31', 0.67559),
(666, 12, '0006', '2023-08-16 21:32:31', 0.485099),
(667, 12, '0005', '2023-08-16 21:32:31', 0.4014),
(668, 12, '0004', '2023-08-16 21:32:31', 0.33531),
(669, 12, '0002', '2023-08-16 21:32:31', 0.26459),
(670, 12, '0001', '2023-08-16 21:32:31', 0.167117),
(671, 12, '0005', '2023-08-16 21:32:47', 0.562566),
(672, 12, '0003', '2023-08-16 21:32:47', 0.539107),
(673, 12, '0006', '2023-08-16 21:32:47', 0.401599),
(674, 12, '0002', '2023-08-16 21:32:47', 0.308541),
(675, 12, '0004', '2023-08-16 21:32:47', 0.307659),
(676, 12, '0001', '2023-08-16 21:32:47', 0.225027),
(677, 12, '0005', '2023-08-16 21:33:03', 0.621712),
(678, 12, '0006', '2023-08-16 21:33:03', 0.469472),
(679, 12, '0003', '2023-08-16 21:33:03', 0.434844),
(680, 12, '0004', '2023-08-16 21:33:03', 0.350633),
(681, 12, '0002', '2023-08-16 21:33:03', 0.348598),
(682, 12, '0001', '2023-08-16 21:33:03', 0.317002),
(683, 12, '0005', '2023-08-16 21:33:10', 0.525354),
(684, 12, '0003', '2023-08-16 21:33:10', 0.519319),
(685, 12, '0006', '2023-08-16 21:33:10', 0.486277),
(686, 12, '0004', '2023-08-16 21:33:10', 0.360075),
(687, 12, '0002', '2023-08-16 21:33:10', 0.33594),
(688, 12, '0001', '2023-08-16 21:33:10', 0.28206),
(689, 12, '0003', '2023-08-16 21:33:25', 0.561204),
(690, 12, '0006', '2023-08-16 21:33:25', 0.503417),
(691, 12, '0005', '2023-08-16 21:33:25', 0.479367),
(692, 12, '0004', '2023-08-16 21:33:25', 0.357003),
(693, 12, '0002', '2023-08-16 21:33:25', 0.309849),
(694, 12, '0001', '2023-08-16 21:33:25', 0.261509),
(695, 12, '0003', '2023-08-16 21:33:35', 0.599365),
(696, 12, '0006', '2023-08-16 21:33:35', 0.520834),
(697, 12, '0005', '2023-08-16 21:33:35', 0.437975),
(698, 12, '0004', '2023-08-16 21:33:35', 0.353959),
(699, 12, '0002', '2023-08-16 21:33:35', 0.284642),
(700, 12, '0001', '2023-08-16 21:33:35', 0.241189),
(701, 12, '0005', '2023-08-16 21:33:46', 0.582494),
(702, 12, '0003', '2023-08-16 21:33:46', 0.516432),
(703, 12, '0006', '2023-08-16 21:33:46', 0.424526),
(704, 12, '0004', '2023-08-16 21:33:46', 0.313207),
(705, 12, '0002', '2023-08-16 21:33:46', 0.296761),
(706, 12, '0001', '2023-08-16 21:33:46', 0.251011),
(707, 12, '0003', '2023-08-16 21:34:00', 0.59741),
(708, 12, '0005', '2023-08-16 21:34:00', 0.53556),
(709, 12, '0006', '2023-08-16 21:34:00', 0.379553),
(710, 12, '0004', '2023-08-16 21:34:00', 0.292113),
(711, 12, '0002', '2023-08-16 21:34:00', 0.275938),
(712, 12, '0001', '2023-08-16 21:34:00', 0.17379),
(713, 12, '0005', '2023-08-16 21:34:07', 0.625088),
(714, 12, '0003', '2023-08-16 21:34:07', 0.530881),
(715, 12, '0006', '2023-08-16 21:34:07', 0.341977),
(716, 12, '0002', '2023-08-16 21:34:07', 0.263298),
(717, 12, '0004', '2023-08-16 21:34:07', 0.25986),
(718, 12, '0001', '2023-08-16 21:34:07', 0.19375),
(719, 12, '0005', '2023-08-16 21:35:18', 0.625088),
(720, 12, '0003', '2023-08-16 21:35:18', 0.530881),
(721, 12, '0006', '2023-08-16 21:35:18', 0.341977),
(722, 12, '0002', '2023-08-16 21:35:18', 0.263298),
(723, 12, '0004', '2023-08-16 21:35:18', 0.25986),
(724, 12, '0001', '2023-08-16 21:35:18', 0.19375),
(725, 12, '0005', '2023-08-16 21:35:27', 0.674441),
(726, 12, '0003', '2023-08-16 21:35:27', 0.447704),
(727, 12, '0006', '2023-08-16 21:35:27', 0.403957),
(728, 12, '0002', '2023-08-16 21:35:27', 0.299565),
(729, 12, '0004', '2023-08-16 21:35:27', 0.298516),
(730, 12, '0001', '2023-08-16 21:35:27', 0.273346),
(731, 12, '0005', '2023-08-16 21:35:33', 0.582494),
(732, 12, '0003', '2023-08-16 21:35:33', 0.516432),
(733, 12, '0006', '2023-08-16 21:35:33', 0.424526),
(734, 12, '0004', '2023-08-16 21:35:33', 0.313207),
(735, 12, '0002', '2023-08-16 21:35:33', 0.296761),
(736, 12, '0001', '2023-08-16 21:35:33', 0.251011),
(737, 12, '0005', '2023-08-16 21:35:41', 0.589298),
(738, 12, '0006', '2023-08-16 21:35:41', 0.476359),
(739, 12, '0003', '2023-08-16 21:35:41', 0.46912),
(740, 12, '0004', '2023-08-16 21:35:41', 0.357468),
(741, 12, '0002', '2023-08-16 21:35:41', 0.341554),
(742, 12, '0001', '2023-08-16 21:35:41', 0.306539),
(743, 12, '0005', '2023-08-16 21:35:49', 0.546237),
(744, 12, '0003', '2023-08-16 21:35:49', 0.506151),
(745, 12, '0006', '2023-08-16 21:35:49', 0.488311),
(746, 12, '0004', '2023-08-16 21:35:49', 0.355603),
(747, 12, '0002', '2023-08-16 21:35:49', 0.322899),
(748, 12, '0001', '2023-08-16 21:35:49', 0.290602),
(749, 12, '0003', '2023-08-16 21:35:56', 0.541698),
(750, 12, '0005', '2023-08-16 21:35:56', 0.50604),
(751, 12, '0006', '2023-08-16 21:35:56', 0.501419),
(752, 12, '0004', '2023-08-16 21:35:56', 0.353591),
(753, 12, '0002', '2023-08-16 21:35:56', 0.303381),
(754, 12, '0001', '2023-08-16 21:35:56', 0.27371),
(755, 12, '0006', '2023-08-16 21:36:03', 0.537868),
(756, 12, '0005', '2023-08-16 21:36:03', 0.517637),
(757, 12, '0003', '2023-08-16 21:36:03', 0.49925),
(758, 12, '0004', '2023-08-16 21:36:03', 0.387918),
(759, 12, '0002', '2023-08-16 21:36:03', 0.342),
(760, 12, '0001', '2023-08-16 21:36:03', 0.318077),
(761, 12, '0006', '2023-08-16 21:36:16', 0.658009),
(762, 12, '0003', '2023-08-16 21:36:16', 0.499134),
(763, 12, '0004', '2023-08-16 21:36:16', 0.463138),
(764, 12, '0005', '2023-08-16 21:36:16', 0.431532),
(765, 12, '0002', '2023-08-16 21:36:16', 0.392202),
(766, 12, '0001', '2023-08-16 21:36:16', 0.362237),
(767, 12, '0006', '2023-08-16 21:36:29', 0.718759),
(768, 12, '0003', '2023-08-16 21:36:29', 0.499099),
(769, 12, '0004', '2023-08-16 21:36:29', 0.493045),
(770, 12, '0002', '2023-08-16 21:36:29', 0.409663),
(771, 12, '0005', '2023-08-16 21:36:29', 0.396713),
(772, 12, '0001', '2023-08-16 21:36:29', 0.377221),
(773, 12, '0006', '2023-08-16 21:36:43', 0.658009),
(774, 12, '0003', '2023-08-16 21:36:43', 0.499134),
(775, 12, '0004', '2023-08-16 21:36:43', 0.463138),
(776, 12, '0005', '2023-08-16 21:36:43', 0.431532),
(777, 12, '0002', '2023-08-16 21:36:43', 0.392202),
(778, 12, '0001', '2023-08-16 21:36:43', 0.362237),
(779, 12, '0006', '2023-08-16 21:37:11', 0.556701),
(780, 12, '0005', '2023-08-16 21:37:11', 0.555745),
(781, 12, '0003', '2023-08-16 21:37:11', 0.42084),
(782, 12, '0004', '2023-08-16 21:37:11', 0.418201),
(783, 12, '0002', '2023-08-16 21:37:11', 0.409412),
(784, 12, '0001', '2023-08-16 21:37:11', 0.369563),
(785, 12, '0006', '2023-08-16 21:37:18', 0.563361),
(786, 12, '0003', '2023-08-16 21:37:18', 0.522093),
(787, 12, '0005', '2023-08-16 21:37:18', 0.457253),
(788, 12, '0004', '2023-08-16 21:37:18', 0.415434),
(789, 12, '0002', '2023-08-16 21:37:18', 0.378885),
(790, 12, '0001', '2023-08-16 21:37:18', 0.314594),
(791, 12, '0006', '2023-08-16 21:37:47', 0.614057),
(792, 12, '0005', '2023-08-16 21:37:47', 0.485396),
(793, 12, '0003', '2023-08-16 21:37:47', 0.460805),
(794, 12, '0004', '2023-08-16 21:37:47', 0.459709),
(795, 12, '0002', '2023-08-16 21:37:47', 0.425387),
(796, 12, '0001', '2023-08-16 21:37:47', 0.374931),
(797, 12, '0006', '2023-08-16 21:37:56', 0.619161),
(798, 12, '0003', '2023-08-16 21:37:56', 0.507527),
(799, 12, '0004', '2023-08-16 21:37:56', 0.444513),
(800, 12, '0005', '2023-08-16 21:37:56', 0.44176),
(801, 12, '0002', '2023-08-16 21:37:56', 0.387168),
(802, 12, '0001', '2023-08-16 21:37:56', 0.344487),
(803, 12, '0006', '2023-08-16 22:20:17', 0.657119),
(804, 12, '0004', '2023-08-16 22:20:17', 0.479596),
(805, 12, '0005', '2023-08-16 22:20:17', 0.469829),
(806, 12, '0003', '2023-08-16 22:20:17', 0.457043),
(807, 12, '0002', '2023-08-16 22:20:17', 0.427048),
(808, 12, '0001', '2023-08-16 22:20:17', 0.391915),
(809, 12, '0006', '2023-08-16 22:20:25', 0.658009),
(810, 12, '0003', '2023-08-16 22:20:25', 0.499134),
(811, 12, '0004', '2023-08-16 22:20:25', 0.463138),
(812, 12, '0005', '2023-08-16 22:20:25', 0.431532),
(813, 12, '0002', '2023-08-16 22:20:25', 0.392202),
(814, 12, '0001', '2023-08-16 22:20:25', 0.362237),
(815, 12, '0006', '2023-08-16 22:20:37', 0.657119),
(816, 12, '0004', '2023-08-16 22:20:37', 0.479596),
(817, 12, '0005', '2023-08-16 22:20:37', 0.469829),
(818, 12, '0003', '2023-08-16 22:20:37', 0.457043),
(819, 12, '0002', '2023-08-16 22:20:37', 0.427048),
(820, 12, '0001', '2023-08-16 22:20:37', 0.391915),
(821, 12, '0006', '2023-08-16 22:20:48', 0.588711),
(822, 12, '0005', '2023-08-16 22:20:48', 0.513269),
(823, 12, '0003', '2023-08-16 22:20:48', 0.460079),
(824, 12, '0004', '2023-08-16 22:20:48', 0.435162),
(825, 12, '0002', '2023-08-16 22:20:48', 0.395214),
(826, 12, '0001', '2023-08-16 22:20:48', 0.364837),
(827, 12, '0005', '2023-08-16 22:20:57', 0.5561),
(828, 12, '0006', '2023-08-16 22:20:57', 0.529398),
(829, 12, '0003', '2023-08-16 22:20:57', 0.46367),
(830, 12, '0004', '2023-08-16 22:20:57', 0.392525),
(831, 12, '0002', '2023-08-16 22:20:57', 0.362225),
(832, 12, '0001', '2023-08-16 22:20:57', 0.336042),
(833, 12, '0005', '2023-08-16 22:21:03', 0.5561),
(834, 12, '0006', '2023-08-16 22:21:03', 0.529398),
(835, 12, '0003', '2023-08-16 22:21:03', 0.46367),
(836, 12, '0004', '2023-08-16 22:21:03', 0.392525),
(837, 12, '0002', '2023-08-16 22:21:03', 0.362225),
(838, 12, '0001', '2023-08-16 22:21:03', 0.336042),
(839, 12, '0005', '2023-08-16 22:21:07', 0.59495),
(840, 12, '0006', '2023-08-16 22:21:07', 0.479464),
(841, 12, '0003', '2023-08-16 22:21:07', 0.467433),
(842, 12, '0004', '2023-08-16 22:21:07', 0.354749),
(843, 12, '0002', '2023-08-16 22:21:07', 0.331268),
(844, 12, '0001', '2023-08-16 22:21:07', 0.308459),
(845, 12, '0005', '2023-08-16 22:21:15', 0.557173),
(846, 12, '0003', '2023-08-16 22:21:15', 0.499318),
(847, 12, '0006', '2023-08-16 22:21:15', 0.489313),
(848, 12, '0004', '2023-08-16 22:21:15', 0.35335),
(849, 12, '0002', '2023-08-16 22:21:15', 0.316198),
(850, 12, '0001', '2023-08-16 22:21:15', 0.294867),
(851, 12, '0006', '2023-08-16 22:21:22', 0.537868),
(852, 12, '0005', '2023-08-16 22:21:22', 0.517637),
(853, 12, '0003', '2023-08-16 22:21:22', 0.49925),
(854, 12, '0004', '2023-08-16 22:21:22', 0.387918),
(855, 12, '0002', '2023-08-16 22:21:22', 0.342),
(856, 12, '0001', '2023-08-16 22:21:22', 0.318077),
(857, 12, '0006', '2023-08-16 22:21:30', 0.594521),
(858, 12, '0003', '2023-08-16 22:21:30', 0.499186),
(859, 12, '0005', '2023-08-16 22:21:30', 0.474602),
(860, 12, '0004', '2023-08-16 22:21:30', 0.42562),
(861, 12, '0002', '2023-08-16 22:21:30', 0.368242),
(862, 12, '0001', '2023-08-16 22:21:30', 0.341344),
(863, 12, '0003', '2023-08-16 22:21:40', 0.599365),
(864, 12, '0006', '2023-08-16 22:21:40', 0.520834),
(865, 12, '0005', '2023-08-16 22:21:40', 0.437975),
(866, 12, '0004', '2023-08-16 22:21:40', 0.353959),
(867, 12, '0002', '2023-08-16 22:21:40', 0.284642),
(868, 12, '0001', '2023-08-16 22:21:40', 0.241189),
(869, 12, '0006', '2023-08-16 22:27:15', 0.599908),
(870, 12, '0005', '2023-08-16 22:27:15', 0.533591),
(871, 12, '0003', '2023-08-16 22:27:15', 0.467649),
(872, 12, '0004', '2023-08-16 22:27:15', 0.379429),
(873, 12, '0002', '2023-08-16 22:27:15', 0.35125),
(874, 12, '0001', '2023-08-16 22:27:15', 0.290687),
(875, 12, '0006', '2023-08-16 22:27:24', 0.606467),
(876, 12, '0003', '2023-08-16 22:27:24', 0.514607),
(877, 12, '0005', '2023-08-16 22:27:24', 0.507649),
(878, 12, '0004', '2023-08-16 22:27:24', 0.373349),
(879, 12, '0002', '2023-08-16 22:27:24', 0.319815),
(880, 12, '0001', '2023-08-16 22:27:24', 0.266523),
(881, 12, '0006', '2023-08-16 22:27:34', 0.619607),
(882, 12, '0003', '2023-08-16 22:27:34', 0.593438),
(883, 12, '0005', '2023-08-16 22:27:34', 0.462252),
(884, 12, '0004', '2023-08-16 22:27:34', 0.362422),
(885, 12, '0002', '2023-08-16 22:27:34', 0.264903),
(886, 12, '0001', '2023-08-16 22:27:34', 0.222573),
(887, 12, '0006', '2023-08-16 22:27:40', 0.613197),
(888, 12, '0003', '2023-08-16 22:27:40', 0.556693),
(889, 12, '0005', '2023-08-16 22:27:40', 0.483493),
(890, 12, '0004', '2023-08-16 22:27:40', 0.367558),
(891, 12, '0002', '2023-08-16 22:27:40', 0.290708),
(892, 12, '0001', '2023-08-16 22:27:40', 0.243465),
(893, 12, '0006', '2023-08-16 22:27:49', 0.656633),
(894, 12, '0003', '2023-08-16 22:27:49', 0.492325),
(895, 12, '0005', '2023-08-16 22:27:49', 0.486316),
(896, 12, '0004', '2023-08-16 22:27:49', 0.39264),
(897, 12, '0002', '2023-08-16 22:27:49', 0.327185),
(898, 12, '0001', '2023-08-16 22:27:49', 0.292179),
(899, 12, '0006', '2023-08-16 22:27:57', 0.657623),
(900, 12, '0003', '2023-08-16 22:27:57', 0.529901),
(901, 12, '0005', '2023-08-16 22:27:57', 0.467882),
(902, 12, '0004', '2023-08-16 22:27:57', 0.385269),
(903, 12, '0002', '2023-08-16 22:27:57', 0.301492),
(904, 12, '0001', '2023-08-16 22:27:57', 0.270132),
(905, 12, '0005', '2023-08-16 22:29:58', 0.750307),
(906, 12, '0006', '2023-08-16 22:29:58', 0.58972),
(907, 12, '0002', '2023-08-16 22:29:58', 0.468364),
(908, 12, '0004', '2023-08-16 22:29:58', 0.463124),
(909, 12, '0001', '2023-08-16 22:29:58', 0.44145),
(910, 12, '0003', '2023-08-16 22:29:58', 0.408551),
(911, 12, '0003', '2023-08-16 22:30:09', 0.680266),
(912, 12, '0005', '2023-08-16 22:30:09', 0.577839),
(913, 12, '0004', '2023-08-16 22:30:09', 0.482644),
(914, 12, '0002', '2023-08-16 22:30:09', 0.369128),
(915, 12, '0001', '2023-08-16 22:30:09', 0.341937),
(916, 12, '0006', '2023-08-16 22:30:09', 0.328412),
(917, 12, '0005', '2023-08-16 22:30:17', 0.616793),
(918, 12, '0003', '2023-08-16 22:30:17', 0.586098),
(919, 12, '0004', '2023-08-16 22:30:17', 0.47412),
(920, 12, '0006', '2023-08-16 22:30:17', 0.431281),
(921, 12, '0002', '2023-08-16 22:30:17', 0.419837),
(922, 12, '0001', '2023-08-16 22:30:17', 0.38),
(923, 12, '0003', '2023-08-16 22:30:23', 0.63808),
(924, 12, '0005', '2023-08-16 22:30:23', 0.595665),
(925, 12, '0004', '2023-08-16 22:30:23', 0.478699),
(926, 12, '0002', '2023-08-16 22:30:23', 0.392745),
(927, 12, '0006', '2023-08-16 22:30:23', 0.373746),
(928, 12, '0001', '2023-08-16 22:30:23', 0.359864),
(929, 12, '0003', '2023-08-16 22:30:39', 0.64897),
(930, 12, '0005', '2023-08-16 22:30:39', 0.564453),
(931, 12, '0004', '2023-08-16 22:30:39', 0.523537),
(932, 12, '0002', '2023-08-16 22:30:39', 0.421309),
(933, 12, '0001', '2023-08-16 22:30:39', 0.383895),
(934, 12, '0006', '2023-08-16 22:30:39', 0.363591),
(935, 12, '0003', '2023-08-16 22:30:46', 0.594687),
(936, 12, '0005', '2023-08-16 22:30:46', 0.581053),
(937, 12, '0004', '2023-08-16 22:30:46', 0.529859),
(938, 12, '0002', '2023-08-16 22:30:46', 0.460832),
(939, 12, '0006', '2023-08-16 22:30:46', 0.424129),
(940, 12, '0001', '2023-08-16 22:30:46', 0.412838),
(941, 12, '0003', '2023-08-16 22:30:52', 0.726172),
(942, 12, '0005', '2023-08-16 22:30:52', 0.540818),
(943, 12, '0004', '2023-08-16 22:30:52', 0.514673),
(944, 12, '0002', '2023-08-16 22:30:52', 0.364425),
(945, 12, '0001', '2023-08-16 22:30:52', 0.340198),
(946, 12, '0006', '2023-08-16 22:30:52', 0.280956),
(947, 12, '0003', '2023-08-16 22:30:59', 0.69193),
(948, 12, '0005', '2023-08-16 22:30:59', 0.551102),
(949, 12, '0004', '2023-08-16 22:30:59', 0.518505),
(950, 12, '0002', '2023-08-16 22:30:59', 0.389468),
(951, 12, '0001', '2023-08-16 22:30:59', 0.359669),
(952, 12, '0006', '2023-08-16 22:30:59', 0.317227),
(953, 12, '0003', '2023-08-17 01:00:01', 0.666231),
(954, 12, '0004', '2023-08-17 01:00:01', 0.540324),
(955, 12, '0002', '2023-08-17 01:00:01', 0.429646),
(956, 12, '0001', '2023-08-17 01:00:01', 0.396898),
(957, 12, '0006', '2023-08-17 01:00:01', 0.388981),
(958, 12, '0005', '2023-08-17 01:00:01', 0.387179),
(959, 12, '0003', '2023-08-17 01:00:13', 0.706898),
(960, 12, '0004', '2023-08-17 01:00:13', 0.531206),
(961, 12, '0002', '2023-08-17 01:00:13', 0.39479),
(962, 12, '0001', '2023-08-17 01:00:13', 0.36912),
(963, 12, '0005', '2023-08-17 01:00:13', 0.356886),
(964, 12, '0006', '2023-08-17 01:00:13', 0.339321),
(965, 12, '0003', '2023-08-17 01:00:23', 0.739471),
(966, 12, '0004', '2023-08-17 01:00:23', 0.524459),
(967, 12, '0002', '2023-08-17 01:00:23', 0.367957),
(968, 12, '0001', '2023-08-17 01:00:23', 0.34728),
(969, 12, '0005', '2023-08-17 01:00:23', 0.334671),
(970, 12, '0006', '2023-08-17 01:00:23', 0.300691),
(971, 12, '0003', '2023-08-17 01:00:32', 0.746745),
(972, 12, '0004', '2023-08-17 01:00:32', 0.494454),
(973, 12, '0005', '2023-08-17 01:00:32', 0.385733),
(974, 12, '0002', '2023-08-17 01:00:32', 0.352908),
(975, 12, '0006', '2023-08-17 01:00:32', 0.341972),
(976, 12, '0001', '2023-08-17 01:00:32', 0.333584),
(977, 12, '0003', '2023-08-17 01:00:44', 0.641327),
(978, 12, '0006', '2023-08-17 01:00:44', 0.501963),
(979, 12, '0005', '2023-08-17 01:00:44', 0.501236),
(980, 12, '0004', '2023-08-17 01:00:44', 0.489529),
(981, 12, '0002', '2023-08-17 01:00:44', 0.430036),
(982, 12, '0001', '2023-08-17 01:00:44', 0.394843),
(983, 12, '0004', '2023-08-17 01:00:55', 0.600544),
(984, 12, '0003', '2023-08-17 01:00:55', 0.599478),
(985, 12, '0002', '2023-08-17 01:00:55', 0.504639),
(986, 12, '0001', '2023-08-17 01:00:55', 0.454889),
(987, 12, '0006', '2023-08-17 01:00:55', 0.422485),
(988, 12, '0005', '2023-08-17 01:00:55', 0.367391),
(989, 12, '0005', '2023-08-17 01:03:29', 0.870774),
(990, 12, '0003', '2023-08-17 01:03:29', 0.562969),
(991, 12, '0004', '2023-08-17 01:03:29', 0.534467),
(992, 12, '0002', '2023-08-17 01:03:29', 0.434747),
(993, 12, '0001', '2023-08-17 01:03:29', 0.394996),
(994, 12, '0006', '2023-08-17 01:03:29', 0.380824),
(995, 12, '0005', '2023-08-17 01:03:39', 0.911169),
(996, 12, '0004', '2023-08-17 01:03:39', 0.558504),
(997, 12, '0002', '2023-08-17 01:03:39', 0.524991),
(998, 12, '0006', '2023-08-17 01:03:39', 0.512851),
(999, 12, '0001', '2023-08-17 01:03:39', 0.49339),
(1000, 12, '0003', '2023-08-17 01:03:39', 0.410838),
(1001, 12, '0003', '2023-08-17 01:06:08', 0.672499),
(1002, 12, '0005', '2023-08-17 01:06:08', 0.604622),
(1003, 12, '0004', '2023-08-17 01:06:08', 0.538512),
(1004, 12, '0002', '2023-08-17 01:06:08', 0.437106),
(1005, 12, '0006', '2023-08-17 01:06:08', 0.387481),
(1006, 12, '0001', '2023-08-17 01:06:08', 0.380977);
INSERT INTO `hasil` (`id_hasil`, `id_user`, `id_alternatif`, `waktu`, `nilai`) VALUES
(1007, 12, '0003', '2023-08-17 01:06:19', 0.682046),
(1008, 12, '0005', '2023-08-17 01:06:19', 0.623071),
(1009, 12, '0004', '2023-08-17 01:06:19', 0.50786),
(1010, 12, '0002', '2023-08-17 01:06:19', 0.418051),
(1011, 12, '0006', '2023-08-17 01:06:19', 0.41687),
(1012, 12, '0001', '2023-08-17 01:06:19', 0.366457),
(1013, 12, '0003', '2023-08-17 01:06:26', 0.653933),
(1014, 12, '0005', '2023-08-17 01:06:26', 0.635049),
(1015, 12, '0004', '2023-08-17 01:06:26', 0.488939),
(1016, 12, '0002', '2023-08-17 01:06:26', 0.441361),
(1017, 12, '0006', '2023-08-17 01:06:26', 0.407195),
(1018, 12, '0001', '2023-08-17 01:06:26', 0.356773),
(1019, 12, '0003', '2023-08-17 01:06:50', 0.666355),
(1020, 12, '0005', '2023-08-17 01:06:50', 0.654212),
(1021, 12, '0004', '2023-08-17 01:06:50', 0.459911),
(1022, 12, '0006', '2023-08-17 01:06:50', 0.439557),
(1023, 12, '0002', '2023-08-17 01:06:50', 0.418828),
(1024, 12, '0001', '2023-08-17 01:06:50', 0.34088),
(1025, 12, '0003', '2023-08-17 01:06:57', 0.693932),
(1026, 12, '0005', '2023-08-17 01:06:57', 0.644404),
(1027, 12, '0004', '2023-08-17 01:06:57', 0.474597),
(1028, 12, '0006', '2023-08-17 01:06:57', 0.449419),
(1029, 12, '0002', '2023-08-17 01:06:57', 0.395865),
(1030, 12, '0001', '2023-08-17 01:06:57', 0.349075),
(1031, 12, '0003', '2023-08-17 01:07:07', 0.707193),
(1032, 12, '0005', '2023-08-17 01:07:07', 0.666474),
(1033, 12, '0006', '2023-08-17 01:07:07', 0.482003),
(1034, 12, '0004', '2023-08-17 01:07:07', 0.441986),
(1035, 12, '0002', '2023-08-17 01:07:07', 0.372737),
(1036, 12, '0001', '2023-08-17 01:07:07', 0.330461),
(1037, 12, '0003', '2023-08-17 01:07:14', 0.721029),
(1038, 12, '0005', '2023-08-17 01:07:14', 0.687937),
(1039, 12, '0006', '2023-08-17 01:07:14', 0.513017),
(1040, 12, '0004', '2023-08-17 01:07:14', 0.411565),
(1041, 12, '0002', '2023-08-17 01:07:14', 0.350073),
(1042, 12, '0001', '2023-08-17 01:07:14', 0.311785),
(1043, 12, '0003', '2023-08-17 01:07:26', 0.795868),
(1044, 12, '0005', '2023-08-17 01:07:26', 0.658745),
(1045, 12, '0006', '2023-08-17 01:07:26', 0.495839),
(1046, 12, '0004', '2023-08-17 01:07:26', 0.385523),
(1047, 12, '0002', '2023-08-17 01:07:26', 0.31969),
(1048, 12, '0001', '2023-08-17 01:07:26', 0.236554),
(1049, 12, '0003', '2023-08-17 01:07:37', 0.861183),
(1050, 12, '0005', '2023-08-17 01:07:37', 0.650858),
(1051, 12, '0006', '2023-08-17 01:07:37', 0.484833),
(1052, 12, '0004', '2023-08-17 01:07:37', 0.361143),
(1053, 12, '0002', '2023-08-17 01:07:37', 0.285848),
(1054, 12, '0001', '2023-08-17 01:07:37', 0.179603),
(1055, 12, '0005', '2023-08-17 01:07:48', 0.718333),
(1056, 12, '0003', '2023-08-17 01:07:48', 0.615509),
(1057, 12, '0006', '2023-08-17 01:07:48', 0.556348),
(1058, 12, '0004', '2023-08-17 01:07:48', 0.48781),
(1059, 12, '0002', '2023-08-17 01:07:48', 0.44221),
(1060, 12, '0001', '2023-08-17 01:07:48', 0.415189),
(1061, 12, '0005', '2023-08-17 01:08:00', 0.689438),
(1062, 12, '0003', '2023-08-17 01:08:00', 0.584075),
(1063, 12, '0004', '2023-08-17 01:08:00', 0.551573),
(1064, 12, '0006', '2023-08-17 01:08:00', 0.515169),
(1065, 12, '0002', '2023-08-17 01:08:00', 0.490951),
(1066, 12, '0001', '2023-08-17 01:08:00', 0.456639),
(1067, 12, '0005', '2023-08-17 01:08:10', 0.765045),
(1068, 12, '0006', '2023-08-17 01:08:10', 0.60892),
(1069, 12, '0004', '2023-08-17 01:08:10', 0.564807),
(1070, 12, '0002', '2023-08-17 01:08:10', 0.534649),
(1071, 12, '0001', '2023-08-17 01:08:10', 0.515005),
(1072, 12, '0003', '2023-08-17 01:08:10', 0.510307),
(1073, 12, '0005', '2023-08-17 01:08:22', 0.762208),
(1074, 12, '0006', '2023-08-17 01:08:22', 0.632571),
(1075, 12, '0004', '2023-08-17 01:08:22', 0.598869),
(1076, 12, '0002', '2023-08-17 01:08:22', 0.573001),
(1077, 12, '0001', '2023-08-17 01:08:22', 0.533229),
(1078, 12, '0003', '2023-08-17 01:08:22', 0.487712),
(1079, 12, '0005', '2023-08-17 01:08:29', 0.860574),
(1080, 12, '0006', '2023-08-17 01:08:29', 0.758476),
(1081, 12, '0004', '2023-08-17 01:08:29', 0.615619),
(1082, 12, '0002', '2023-08-17 01:08:29', 0.615358),
(1083, 12, '0001', '2023-08-17 01:08:29', 0.593552),
(1084, 12, '0003', '2023-08-17 01:08:29', 0.408136),
(1085, 12, '0005', '2023-08-17 01:10:37', 0.858071),
(1086, 12, '0006', '2023-08-17 01:10:37', 0.731592),
(1087, 12, '0004', '2023-08-17 01:10:37', 0.615334),
(1088, 12, '0002', '2023-08-17 01:10:37', 0.615075),
(1089, 12, '0001', '2023-08-17 01:10:37', 0.591923),
(1090, 12, '0003', '2023-08-17 01:10:37', 0.409713),
(1091, 12, '0006', '2023-08-17 01:11:56', 0.769981),
(1092, 12, '0005', '2023-08-17 01:11:56', 0.679422),
(1093, 12, '0002', '2023-08-17 01:11:56', 0.494767),
(1094, 12, '0004', '2023-08-17 01:11:56', 0.494255),
(1095, 12, '0001', '2023-08-17 01:11:56', 0.482254),
(1096, 12, '0003', '2023-08-17 01:11:56', 0.36105),
(1097, 12, '0006', '2023-08-17 01:12:16', 0.740314),
(1098, 12, '0005', '2023-08-17 01:12:16', 0.617316),
(1099, 12, '0003', '2023-08-17 01:12:16', 0.428774),
(1100, 12, '0002', '2023-08-17 01:12:16', 0.401484),
(1101, 12, '0004', '2023-08-17 01:12:16', 0.399915),
(1102, 12, '0001', '2023-08-17 01:12:16', 0.383983),
(1103, 12, '0003', '2023-08-17 01:12:28', 0.598091),
(1104, 12, '0006', '2023-08-17 01:12:28', 0.570566),
(1105, 12, '0005', '2023-08-17 01:12:28', 0.536186),
(1106, 12, '0004', '2023-08-17 01:12:28', 0.319434),
(1107, 12, '0002', '2023-08-17 01:12:28', 0.290548),
(1108, 12, '0001', '2023-08-17 01:12:28', 0.231681),
(1109, 12, '0006', '2023-08-17 01:12:39', 0.620636),
(1110, 12, '0005', '2023-08-17 01:12:39', 0.569655),
(1111, 12, '0003', '2023-08-17 01:12:39', 0.534967),
(1112, 12, '0004', '2023-08-17 01:12:39', 0.358367),
(1113, 12, '0002', '2023-08-17 01:12:39', 0.333604),
(1114, 12, '0001', '2023-08-17 01:12:39', 0.312774),
(1115, 12, '0003', '2023-08-17 01:12:53', 0.615387),
(1116, 12, '0005', '2023-08-17 01:12:53', 0.552124),
(1117, 12, '0006', '2023-08-17 01:12:53', 0.514432),
(1118, 12, '0004', '2023-08-17 01:12:53', 0.386638),
(1119, 12, '0002', '2023-08-17 01:12:53', 0.331521),
(1120, 12, '0001', '2023-08-17 01:12:53', 0.293518),
(1121, 12, '0003', '2023-08-17 01:13:05', 0.649643),
(1122, 12, '0005', '2023-08-17 01:13:05', 0.573772),
(1123, 12, '0004', '2023-08-17 01:13:05', 0.492589),
(1124, 12, '0002', '2023-08-17 01:13:05', 0.409047),
(1125, 12, '0006', '2023-08-17 01:13:05', 0.400427),
(1126, 12, '0001', '2023-08-17 01:13:05', 0.355661),
(1127, 12, '0003', '2023-08-17 01:13:20', 0.650842),
(1128, 12, '0005', '2023-08-17 01:13:20', 0.580759),
(1129, 12, '0004', '2023-08-17 01:13:20', 0.525042),
(1130, 12, '0002', '2023-08-17 01:13:20', 0.419592),
(1131, 12, '0001', '2023-08-17 01:13:20', 0.384648),
(1132, 12, '0006', '2023-08-17 01:13:20', 0.382685),
(1133, 12, '0003', '2023-08-17 01:13:28', 0.809523),
(1134, 12, '0005', '2023-08-17 01:13:28', 0.511166),
(1135, 12, '0004', '2023-08-17 01:13:28', 0.45233),
(1136, 12, '0002', '2023-08-17 01:13:28', 0.31903),
(1137, 12, '0006', '2023-08-17 01:13:28', 0.268674),
(1138, 12, '0001', '2023-08-17 01:13:28', 0.215698),
(1139, 12, '0005', '2023-08-17 01:13:44', 0.634081),
(1140, 12, '0004', '2023-08-17 01:13:44', 0.584696),
(1141, 12, '0003', '2023-08-17 01:13:44', 0.566266),
(1142, 12, '0002', '2023-08-17 01:13:44', 0.498394),
(1143, 12, '0001', '2023-08-17 01:13:44', 0.470679),
(1144, 12, '0006', '2023-08-17 01:13:44', 0.453624),
(1145, 12, '0005', '2023-08-17 01:13:52', 0.608049),
(1146, 12, '0003', '2023-08-17 01:13:52', 0.606117),
(1147, 12, '0004', '2023-08-17 01:13:52', 0.555679),
(1148, 12, '0002', '2023-08-17 01:13:52', 0.461031),
(1149, 12, '0001', '2023-08-17 01:13:52', 0.430348),
(1150, 12, '0006', '2023-08-17 01:13:52', 0.419342),
(1151, 12, '0003', '2023-08-17 01:14:05', 0.599554),
(1152, 12, '0005', '2023-08-17 01:14:05', 0.598229),
(1153, 12, '0004', '2023-08-17 01:14:05', 0.510584),
(1154, 12, '0006', '2023-08-17 01:14:05', 0.454988),
(1155, 12, '0002', '2023-08-17 01:14:05', 0.431783),
(1156, 12, '0001', '2023-08-17 01:14:05', 0.40518),
(1157, 12, '0005', '2023-08-17 01:14:19', 0.622315),
(1158, 12, '0003', '2023-08-17 01:14:19', 0.545976),
(1159, 12, '0006', '2023-08-17 01:14:19', 0.51416),
(1160, 12, '0004', '2023-08-17 01:14:19', 0.512555),
(1161, 12, '0002', '2023-08-17 01:14:19', 0.461997),
(1162, 12, '0001', '2023-08-17 01:14:19', 0.429625),
(1163, 12, '0005', '2023-08-17 01:14:33', 0.605446),
(1164, 12, '0006', '2023-08-17 01:14:33', 0.551703),
(1165, 12, '0003', '2023-08-17 01:14:33', 0.541517),
(1166, 12, '0004', '2023-08-17 01:14:33', 0.461191),
(1167, 12, '0002', '2023-08-17 01:14:33', 0.420855),
(1168, 12, '0001', '2023-08-17 01:14:33', 0.394334),
(1169, 12, '0006', '2023-08-17 01:14:43', 0.655218),
(1170, 12, '0005', '2023-08-17 01:14:43', 0.632448),
(1171, 12, '0003', '2023-08-17 01:14:43', 0.459224),
(1172, 12, '0004', '2023-08-17 01:14:43', 0.454601),
(1173, 12, '0002', '2023-08-17 01:14:43', 0.437331),
(1174, 12, '0001', '2023-08-17 01:14:43', 0.424128),
(1175, 12, '0006', '2023-08-17 01:14:51', 0.68708),
(1176, 12, '0005', '2023-08-17 01:14:51', 0.608202),
(1177, 12, '0003', '2023-08-17 01:14:51', 0.465243),
(1178, 12, '0004', '2023-08-17 01:14:51', 0.405344),
(1179, 12, '0002', '2023-08-17 01:14:51', 0.391668),
(1180, 12, '0001', '2023-08-17 01:14:51', 0.380835),
(1181, 12, '0005', '2023-08-17 01:15:48', 0.687642),
(1182, 12, '0006', '2023-08-17 01:15:48', 0.665915),
(1183, 12, '0004', '2023-08-17 01:15:48', 0.482575),
(1184, 12, '0002', '2023-08-17 01:15:48', 0.460291),
(1185, 12, '0003', '2023-08-17 01:15:48', 0.457214),
(1186, 12, '0001', '2023-08-17 01:15:48', 0.443658),
(1187, 12, '0006', '2023-08-17 01:16:05', 0.763869),
(1188, 12, '0005', '2023-08-17 01:16:05', 0.715831),
(1189, 12, '0002', '2023-08-17 01:16:05', 0.481624),
(1190, 12, '0004', '2023-08-17 01:16:05', 0.480721),
(1191, 12, '0001', '2023-08-17 01:16:05', 0.462772),
(1192, 12, '0003', '2023-08-17 01:16:05', 0.413312),
(1193, 12, '0006', '2023-08-17 01:16:11', 0.745456),
(1194, 12, '0005', '2023-08-17 01:16:11', 0.680682),
(1195, 12, '0002', '2023-08-17 01:16:11', 0.556772),
(1196, 12, '0004', '2023-08-17 01:16:11', 0.55644),
(1197, 12, '0001', '2023-08-17 01:16:11', 0.529741),
(1198, 12, '0003', '2023-08-17 01:16:11', 0.333277),
(1199, 12, '0005', '2023-08-17 01:16:17', 0.653281),
(1200, 12, '0006', '2023-08-17 01:16:17', 0.64343),
(1201, 12, '0004', '2023-08-17 01:16:17', 0.549336),
(1202, 12, '0002', '2023-08-17 01:16:17', 0.518177),
(1203, 12, '0001', '2023-08-17 01:16:17', 0.49639),
(1204, 12, '0003', '2023-08-17 01:16:17', 0.40495),
(1205, 12, '0005', '2023-08-17 01:16:27', 0.615773),
(1206, 12, '0006', '2023-08-17 01:16:27', 0.538867),
(1207, 12, '0004', '2023-08-17 01:16:27', 0.538546),
(1208, 12, '0003', '2023-08-17 01:16:27', 0.492143),
(1209, 12, '0002', '2023-08-17 01:16:27', 0.476209),
(1210, 12, '0001', '2023-08-17 01:16:27', 0.437381),
(1211, 12, '0005', '2023-08-17 01:16:37', 0.592743),
(1212, 12, '0003', '2023-08-17 01:16:37', 0.545166),
(1213, 12, '0004', '2023-08-17 01:16:37', 0.531389),
(1214, 12, '0006', '2023-08-17 01:16:37', 0.479658),
(1215, 12, '0002', '2023-08-17 01:16:37', 0.43866),
(1216, 12, '0001', '2023-08-17 01:16:37', 0.408006),
(1217, 12, '0003', '2023-08-17 01:16:48', 0.590327),
(1218, 12, '0005', '2023-08-17 01:16:48', 0.574094),
(1219, 12, '0004', '2023-08-17 01:16:48', 0.525348),
(1220, 12, '0006', '2023-08-17 01:16:48', 0.430616),
(1221, 12, '0002', '2023-08-17 01:16:48', 0.40699),
(1222, 12, '0001', '2023-08-17 01:16:48', 0.382362),
(1223, 12, '0003', '2023-08-17 01:17:17', 0.637419),
(1224, 12, '0005', '2023-08-17 01:17:17', 0.552428),
(1225, 12, '0004', '2023-08-17 01:17:17', 0.522997),
(1226, 12, '0002', '2023-08-17 01:17:17', 0.382527),
(1227, 12, '0006', '2023-08-17 01:17:17', 0.372439),
(1228, 12, '0001', '2023-08-17 01:17:17', 0.352944),
(1229, 12, '0003', '2023-08-17 01:17:26', 0.59179),
(1230, 12, '0005', '2023-08-17 01:17:26', 0.568499),
(1231, 12, '0004', '2023-08-17 01:17:26', 0.52986),
(1232, 12, '0006', '2023-08-17 01:17:26', 0.41974),
(1233, 12, '0002', '2023-08-17 01:17:26', 0.415358),
(1234, 12, '0001', '2023-08-17 01:17:26', 0.3776),
(1235, 12, '0003', '2023-08-17 01:17:40', 0.587608),
(1236, 12, '0005', '2023-08-17 01:17:40', 0.559905),
(1237, 12, '0004', '2023-08-17 01:17:40', 0.542581),
(1238, 12, '0002', '2023-08-17 01:17:40', 0.422495),
(1239, 12, '0006', '2023-08-17 01:17:40', 0.411315),
(1240, 12, '0001', '2023-08-17 01:17:40', 0.38347),
(1241, 12, '0003', '2023-08-17 01:17:50', 0.617292),
(1242, 12, '0005', '2023-08-17 01:17:50', 0.615206),
(1243, 12, '0006', '2023-08-17 01:17:50', 0.467179),
(1244, 12, '0004', '2023-08-17 01:17:50', 0.465048),
(1245, 12, '0002', '2023-08-17 01:17:50', 0.375283),
(1246, 12, '0001', '2023-08-17 01:17:50', 0.343867),
(1247, 12, '0005', '2023-08-17 01:18:02', 0.630942),
(1248, 12, '0006', '2023-08-17 01:18:02', 0.586097),
(1249, 12, '0004', '2023-08-17 01:18:02', 0.554879),
(1250, 12, '0002', '2023-08-17 01:18:02', 0.509849),
(1251, 12, '0001', '2023-08-17 01:18:02', 0.479122),
(1252, 12, '0003', '2023-08-17 01:18:02', 0.435843),
(1253, 12, '0006', '2023-08-17 01:18:12', 0.696797),
(1254, 12, '0005', '2023-08-17 01:18:12', 0.665927),
(1255, 12, '0002', '2023-08-17 01:18:12', 0.567669),
(1256, 12, '0004', '2023-08-17 01:18:12', 0.567342),
(1257, 12, '0001', '2023-08-17 01:18:12', 0.525667),
(1258, 12, '0003', '2023-08-17 01:18:12', 0.340771),
(1259, 12, '0006', '2023-08-17 01:18:20', 0.738635),
(1260, 12, '0005', '2023-08-17 01:18:20', 0.66614),
(1261, 12, '0004', '2023-08-17 01:18:20', 0.593437),
(1262, 12, '0002', '2023-08-17 01:18:20', 0.593337),
(1263, 12, '0001', '2023-08-17 01:18:20', 0.560839),
(1264, 12, '0003', '2023-08-17 01:18:20', 0.293672),
(1265, 12, '0005', '2023-08-17 01:18:32', 0.639435),
(1266, 12, '0006', '2023-08-17 01:18:32', 0.635212),
(1267, 12, '0004', '2023-08-17 01:18:32', 0.580069),
(1268, 12, '0002', '2023-08-17 01:18:32', 0.543556),
(1269, 12, '0001', '2023-08-17 01:18:32', 0.518909),
(1270, 12, '0003', '2023-08-17 01:18:32', 0.383242),
(1271, 12, '0005', '2023-08-17 01:18:43', 0.603634),
(1272, 12, '0004', '2023-08-17 01:18:43', 0.560847),
(1273, 12, '0006', '2023-08-17 01:18:43', 0.529999),
(1274, 12, '0002', '2023-08-17 01:18:43', 0.492015),
(1275, 12, '0003', '2023-08-17 01:18:43', 0.481455),
(1276, 12, '0001', '2023-08-17 01:18:43', 0.450082),
(1277, 12, '0006', '2023-08-17 01:19:11', 0.586016),
(1278, 12, '0005', '2023-08-17 01:19:11', 0.584568),
(1279, 12, '0004', '2023-08-17 01:19:11', 0.537255),
(1280, 12, '0002', '2023-08-17 01:19:11', 0.486689),
(1281, 12, '0001', '2023-08-17 01:19:11', 0.4427),
(1282, 12, '0003', '2023-08-17 01:19:11', 0.428581),
(1283, 12, '0005', '2023-08-17 01:19:21', 0.54995),
(1284, 12, '0006', '2023-08-17 01:19:21', 0.535414),
(1285, 12, '0004', '2023-08-17 01:19:21', 0.510666),
(1286, 12, '0003', '2023-08-17 01:19:21', 0.4763),
(1287, 12, '0002', '2023-08-17 01:19:21', 0.437979),
(1288, 12, '0001', '2023-08-17 01:19:21', 0.403147),
(1289, 12, '0003', '2023-08-17 01:19:31', 0.519338),
(1290, 12, '0005', '2023-08-17 01:19:31', 0.51886),
(1291, 12, '0006', '2023-08-17 01:19:31', 0.490458),
(1292, 12, '0004', '2023-08-17 01:19:31', 0.485984),
(1293, 12, '0002', '2023-08-17 01:19:31', 0.395634),
(1294, 12, '0001', '2023-08-17 01:19:31', 0.367099),
(1295, 12, '0003', '2023-08-17 01:19:41', 0.557183),
(1296, 12, '0005', '2023-08-17 01:19:41', 0.492156),
(1297, 12, '0004', '2023-08-17 01:19:41', 0.464327),
(1298, 12, '0006', '2023-08-17 01:19:41', 0.451296),
(1299, 12, '0002', '2023-08-17 01:19:41', 0.359543),
(1300, 12, '0001', '2023-08-17 01:19:41', 0.335401),
(1301, 12, '0003', '2023-08-17 01:19:47', 0.673429),
(1302, 12, '0005', '2023-08-17 01:19:47', 0.441951),
(1303, 12, '0004', '2023-08-17 01:19:47', 0.402883),
(1304, 12, '0006', '2023-08-17 01:19:47', 0.341569),
(1305, 12, '0002', '2023-08-17 01:19:47', 0.275118),
(1306, 12, '0001', '2023-08-17 01:19:47', 0.236154),
(1307, 12, '0005', '2023-08-17 01:20:27', 0.601158),
(1308, 12, '0006', '2023-08-17 01:20:27', 0.583866),
(1309, 12, '0004', '2023-08-17 01:20:27', 0.491094),
(1310, 12, '0002', '2023-08-17 01:20:27', 0.457379),
(1311, 12, '0003', '2023-08-17 01:20:27', 0.451852),
(1312, 12, '0001', '2023-08-17 01:20:27', 0.41513),
(1313, 12, '0006', '2023-08-17 01:20:38', 0.67375),
(1314, 12, '0005', '2023-08-17 01:20:38', 0.661359),
(1315, 12, '0002', '2023-08-17 01:20:38', 0.528106),
(1316, 12, '0004', '2023-08-17 01:20:38', 0.519072),
(1317, 12, '0001', '2023-08-17 01:20:38', 0.470923),
(1318, 12, '0003', '2023-08-17 01:20:38', 0.379767),
(1319, 12, '0005', '2023-08-17 01:20:50', 0.658635),
(1320, 12, '0006', '2023-08-17 01:20:50', 0.599864),
(1321, 12, '0003', '2023-08-17 01:20:50', 0.470936),
(1322, 12, '0002', '2023-08-17 01:20:50', 0.469064),
(1323, 12, '0004', '2023-08-17 01:20:50', 0.450319),
(1324, 12, '0001', '2023-08-17 01:20:50', 0.386128),
(1325, 12, '0003', '2023-08-17 01:21:01', 0.592852),
(1326, 12, '0005', '2023-08-17 01:21:01', 0.56324),
(1327, 12, '0006', '2023-08-17 01:21:01', 0.448218),
(1328, 12, '0004', '2023-08-17 01:21:01', 0.439755),
(1329, 12, '0002', '2023-08-17 01:21:01', 0.408676),
(1330, 12, '0001', '2023-08-17 01:21:01', 0.291948),
(1331, 12, '0003', '2023-08-17 01:21:09', 0.675504),
(1332, 12, '0005', '2023-08-17 01:21:09', 0.509185),
(1333, 12, '0004', '2023-08-17 01:21:09', 0.432824),
(1334, 12, '0002', '2023-08-17 01:21:09', 0.372363),
(1335, 12, '0006', '2023-08-17 01:21:09', 0.355048),
(1336, 12, '0001', '2023-08-17 01:21:09', 0.22794),
(1337, 12, '0003', '2023-08-17 01:21:18', 0.551407),
(1338, 12, '0005', '2023-08-17 01:21:18', 0.539194),
(1339, 12, '0006', '2023-08-17 01:21:18', 0.471692),
(1340, 12, '0004', '2023-08-17 01:21:18', 0.464788),
(1341, 12, '0002', '2023-08-17 01:21:18', 0.401375),
(1342, 12, '0001', '2023-08-17 01:21:18', 0.334518),
(1343, 12, '0005', '2023-08-17 01:21:27', 0.564236),
(1344, 12, '0006', '2023-08-17 01:21:27', 0.535124),
(1345, 12, '0004', '2023-08-17 01:21:27', 0.505351),
(1346, 12, '0003', '2023-08-17 01:21:27', 0.482536),
(1347, 12, '0002', '2023-08-17 01:21:27', 0.44848),
(1348, 12, '0001', '2023-08-17 01:21:27', 0.395531),
(1349, 12, '0005', '2023-08-17 01:21:37', 0.584042),
(1350, 12, '0006', '2023-08-17 01:21:37', 0.54827),
(1351, 12, '0003', '2023-08-17 01:21:37', 0.498566),
(1352, 12, '0004', '2023-08-17 01:21:37', 0.479977),
(1353, 12, '0002', '2023-08-17 01:21:37', 0.431214),
(1354, 12, '0001', '2023-08-17 01:21:37', 0.382258),
(1355, 12, '0005', '2023-08-17 01:21:50', 0.545187),
(1356, 12, '0003', '2023-08-17 01:21:50', 0.541751),
(1357, 12, '0006', '2023-08-17 01:21:50', 0.497014),
(1358, 12, '0004', '2023-08-17 01:21:50', 0.459027),
(1359, 12, '0002', '2023-08-17 01:21:50', 0.386394),
(1360, 12, '0001', '2023-08-17 01:21:50', 0.3464),
(1361, 12, '0005', '2023-08-17 01:22:01', 0.584042),
(1362, 12, '0006', '2023-08-17 01:22:01', 0.54827),
(1363, 12, '0003', '2023-08-17 01:22:01', 0.498566),
(1364, 12, '0004', '2023-08-17 01:22:01', 0.479977),
(1365, 12, '0002', '2023-08-17 01:22:01', 0.431214),
(1366, 12, '0001', '2023-08-17 01:22:01', 0.382258),
(1367, 12, '0006', '2023-08-17 01:22:10', 0.656041),
(1368, 12, '0005', '2023-08-17 01:22:10', 0.639779),
(1369, 12, '0004', '2023-08-17 01:22:10', 0.500392),
(1370, 12, '0002', '2023-08-17 01:22:10', 0.477328),
(1371, 12, '0001', '2023-08-17 01:22:10', 0.449329),
(1372, 12, '0003', '2023-08-17 01:22:10', 0.416643),
(1373, 12, '0005', '2023-08-17 01:22:17', 0.545187),
(1374, 12, '0003', '2023-08-17 01:22:17', 0.541751),
(1375, 12, '0006', '2023-08-17 01:22:17', 0.497014),
(1376, 12, '0004', '2023-08-17 01:22:17', 0.459027),
(1377, 12, '0002', '2023-08-17 01:22:17', 0.386394),
(1378, 12, '0001', '2023-08-17 01:22:17', 0.3464),
(1379, 12, '0003', '2023-08-17 01:22:24', 0.581051),
(1380, 12, '0005', '2023-08-17 01:22:24', 0.511711),
(1381, 12, '0006', '2023-08-17 01:22:24', 0.452145),
(1382, 12, '0004', '2023-08-17 01:22:24', 0.439864),
(1383, 12, '0002', '2023-08-17 01:22:24', 0.347451),
(1384, 12, '0001', '2023-08-17 01:22:24', 0.313847),
(1385, 12, '0003', '2023-08-17 01:22:31', 0.615677),
(1386, 12, '0005', '2023-08-17 01:22:31', 0.483872),
(1387, 12, '0004', '2023-08-17 01:22:31', 0.423356),
(1388, 12, '0006', '2023-08-17 01:22:31', 0.413558),
(1389, 12, '0002', '2023-08-17 01:22:31', 0.314381),
(1390, 12, '0001', '2023-08-17 01:22:31', 0.285382),
(1391, 12, '0003', '2023-08-17 01:22:38', 0.623093),
(1392, 12, '0005', '2023-08-17 01:22:38', 0.503664),
(1393, 12, '0006', '2023-08-17 01:22:38', 0.429606),
(1394, 12, '0004', '2023-08-17 01:22:38', 0.409204),
(1395, 12, '0002', '2023-08-17 01:22:38', 0.307436),
(1396, 12, '0001', '2023-08-17 01:22:38', 0.279323),
(1397, 12, '0006', '2023-08-17 01:22:44', 0.749894),
(1398, 12, '0005', '2023-08-17 01:22:44', 0.706355),
(1399, 12, '0002', '2023-08-17 01:22:44', 0.479233),
(1400, 12, '0004', '2023-08-17 01:22:44', 0.473591),
(1401, 12, '0001', '2023-08-17 01:22:44', 0.450994),
(1402, 12, '0003', '2023-08-17 01:22:44', 0.414565),
(1403, 12, '0005', '2023-08-17 01:22:52', 0.606937),
(1404, 12, '0006', '2023-08-17 01:22:52', 0.564513),
(1405, 12, '0003', '2023-08-17 01:22:52', 0.518031),
(1406, 12, '0004', '2023-08-17 01:22:52', 0.451498),
(1407, 12, '0002', '2023-08-17 01:22:52', 0.410724),
(1408, 12, '0001', '2023-08-17 01:22:52', 0.366102),
(1409, 12, '0006', '2023-08-17 01:22:59', 0.670736),
(1410, 12, '0005', '2023-08-17 01:22:59', 0.6635),
(1411, 12, '0004', '2023-08-17 01:22:59', 0.462612),
(1412, 12, '0003', '2023-08-17 01:22:59', 0.451349),
(1413, 12, '0002', '2023-08-17 01:22:59', 0.445537),
(1414, 12, '0001', '2023-08-17 01:22:59', 0.421195),
(1415, 12, '0005', '2023-08-17 01:23:05', 0.567489),
(1416, 12, '0003', '2023-08-17 01:23:05', 0.555697),
(1417, 12, '0006', '2023-08-17 01:23:05', 0.513465),
(1418, 12, '0004', '2023-08-17 01:23:05', 0.436397),
(1419, 12, '0002', '2023-08-17 01:23:05', 0.37239),
(1420, 12, '0001', '2023-08-17 01:23:05', 0.334828),
(1421, 12, '0003', '2023-08-17 01:23:15', 0.623093),
(1422, 12, '0005', '2023-08-17 01:23:15', 0.503664),
(1423, 12, '0006', '2023-08-17 01:23:15', 0.429606),
(1424, 12, '0004', '2023-08-17 01:23:15', 0.409204),
(1425, 12, '0002', '2023-08-17 01:23:15', 0.307436),
(1426, 12, '0001', '2023-08-17 01:23:15', 0.279323),
(1427, 12, '0003', '2023-08-17 01:23:23', 0.631914),
(1428, 12, '0005', '2023-08-17 01:23:23', 0.52521),
(1429, 12, '0006', '2023-08-17 01:23:23', 0.447726),
(1430, 12, '0004', '2023-08-17 01:23:23', 0.393321),
(1431, 12, '0002', '2023-08-17 01:23:23', 0.299235),
(1432, 12, '0001', '2023-08-17 01:23:23', 0.272135),
(1433, 12, '0005', '2023-08-17 01:23:33', 0.687297),
(1434, 12, '0006', '2023-08-17 01:23:33', 0.686781),
(1435, 12, '0003', '2023-08-17 01:23:33', 0.48558),
(1436, 12, '0004', '2023-08-17 01:23:33', 0.42687),
(1437, 12, '0002', '2023-08-17 01:23:33', 0.414311),
(1438, 12, '0001', '2023-08-17 01:23:33', 0.393014),
(1439, 12, '0006', '2023-08-17 01:23:42', 0.763442),
(1440, 12, '0005', '2023-08-17 01:23:42', 0.728796),
(1441, 12, '0003', '2023-08-17 01:23:42', 0.458287),
(1442, 12, '0002', '2023-08-17 01:23:42', 0.439192),
(1443, 12, '0004', '2023-08-17 01:23:42', 0.433465),
(1444, 12, '0001', '2023-08-17 01:23:42', 0.41551),
(1445, 12, '0005', '2023-08-17 01:23:52', 0.590973),
(1446, 12, '0003', '2023-08-17 01:23:52', 0.571482),
(1447, 12, '0006', '2023-08-17 01:23:52', 0.531824),
(1448, 12, '0004', '2023-08-17 01:23:52', 0.412604),
(1449, 12, '0002', '2023-08-17 01:23:52', 0.356788),
(1450, 12, '0001', '2023-08-17 01:23:52', 0.321755),
(1451, 12, '0003', '2023-08-17 01:24:03', 0.523519),
(1452, 12, '0005', '2023-08-17 01:24:03', 0.51322),
(1453, 12, '0004', '2023-08-17 01:24:03', 0.491543),
(1454, 12, '0006', '2023-08-17 01:24:03', 0.475123),
(1455, 12, '0002', '2023-08-17 01:24:03', 0.405034),
(1456, 12, '0001', '2023-08-17 01:24:03', 0.361543),
(1457, 12, '0006', '2023-08-17 01:24:12', 0.720024),
(1458, 12, '0005', '2023-08-17 01:24:12', 0.648186),
(1459, 12, '0002', '2023-08-17 01:24:12', 0.603564),
(1460, 12, '0004', '2023-08-17 01:24:12', 0.599152),
(1461, 12, '0001', '2023-08-17 01:24:12', 0.552929),
(1462, 12, '0003', '2023-08-17 01:24:12', 0.275325),
(1463, 12, '0005', '2023-08-17 11:51:18', 0.55048),
(1464, 12, '0006', '2023-08-17 11:51:18', 0.526484),
(1465, 12, '0004', '2023-08-17 11:51:18', 0.523477),
(1466, 12, '0003', '2023-08-17 11:51:18', 0.471846),
(1467, 12, '0002', '2023-08-17 11:51:18', 0.460209),
(1468, 12, '0001', '2023-08-17 11:51:18', 0.404357),
(1469, 12, '0005', '2023-08-17 11:51:34', 0.564236),
(1470, 12, '0006', '2023-08-17 11:51:34', 0.535124),
(1471, 12, '0004', '2023-08-17 11:51:34', 0.505351),
(1472, 12, '0003', '2023-08-17 11:51:34', 0.482536),
(1473, 12, '0002', '2023-08-17 11:51:34', 0.44848),
(1474, 12, '0001', '2023-08-17 11:51:34', 0.395531),
(1475, 12, '0003', '2023-08-17 11:51:55', 0.622449),
(1476, 12, '0005', '2023-08-17 11:51:55', 0.552304),
(1477, 12, '0006', '2023-08-17 11:51:55', 0.46638),
(1478, 12, '0004', '2023-08-17 11:51:55', 0.396189),
(1479, 12, '0002', '2023-08-17 11:51:55', 0.325301),
(1480, 12, '0001', '2023-08-17 11:51:55', 0.276866),
(1481, 12, '0005', '2023-08-17 11:52:07', 0.595678),
(1482, 12, '0003', '2023-08-17 11:52:07', 0.586229),
(1483, 12, '0006', '2023-08-17 11:52:07', 0.517728),
(1484, 12, '0004', '2023-08-17 11:52:07', 0.407574),
(1485, 12, '0002', '2023-08-17 11:52:07', 0.363028),
(1486, 12, '0001', '2023-08-17 11:52:07', 0.306172),
(1487, 12, '0003', '2023-08-17 12:11:12', 0.622449),
(1488, 12, '0005', '2023-08-17 12:11:12', 0.552304),
(1489, 12, '0006', '2023-08-17 12:11:12', 0.46638),
(1490, 12, '0004', '2023-08-17 12:11:12', 0.396189),
(1491, 12, '0002', '2023-08-17 12:11:12', 0.325301),
(1492, 12, '0001', '2023-08-17 12:11:12', 0.276866),
(1493, 12, '0003', '2023-08-17 15:50:47', 0.668624),
(1494, 12, '0005', '2023-08-17 15:50:47', 0.48654),
(1495, 12, '0004', '2023-08-17 15:50:47', 0.450837),
(1496, 12, '0002', '2023-08-17 15:50:47', 0.383533),
(1497, 12, '0006', '2023-08-17 15:50:47', 0.328342),
(1498, 12, '0001', '2023-08-17 15:50:47', 0.233216);

-- --------------------------------------------------------

--
-- Table structure for table `kriteria`
--

CREATE TABLE `kriteria` (
  `id_kriteria` int(11) NOT NULL,
  `kode_kriteria` varchar(10) NOT NULL,
  `nama` varchar(50) NOT NULL,
  `type` enum('Benefit','Cost') NOT NULL
) ENGINE=InnoDB DEFAULT CHARSET=latin1;

--
-- Dumping data for table `kriteria`
--

INSERT INTO `kriteria` (`id_kriteria`, `kode_kriteria`, `nama`, `type`) VALUES
(1, 'C1', 'Tinggi Badan', 'Benefit'),
(2, 'C2', 'Berat Badan', 'Benefit'),
(3, 'C3', 'Umur', 'Benefit'),
(4, 'C4', 'Jenis Kelamin', 'Benefit'),
(5, 'C5', 'Jenis Genetik', 'Benefit');

-- --------------------------------------------------------

--
-- Table structure for table `penilaian`
--

CREATE TABLE `penilaian` (
  `id_penilaian` int(11) NOT NULL,
  `id_alternatif` char(11) NOT NULL,
  `id_kriteria` int(11) NOT NULL,
  `nilai` float NOT NULL,
  `id_user` int(11) NOT NULL
) ENGINE=InnoDB DEFAULT CHARSET=latin1;

--
-- Dumping data for table `penilaian`
--

INSERT INTO `penilaian` (`id_penilaian`, `id_alternatif`, `id_kriteria`, `nilai`, `id_user`) VALUES
(1, '0001', 1, 3, 0),
(2, '0001', 2, 7, 0),
(3, '0001', 3, 11, 0),
(4, '0001', 4, 16, 0),
(5, '0001', 5, 18, 0),
(6, '0002', 1, 3, 0),
(7, '0002', 2, 7, 0),
(8, '0002', 3, 11, 0),
(9, '0002', 4, 17, 0),
(10, '0002', 5, 19, 0),
(16, '0004', 1, 3, 0),
(17, '0004', 2, 8, 0),
(18, '0004', 3, 11, 0),
(19, '0004', 4, 16, 0),
(20, '0004', 5, 19, 0),
(26, '0003', 1, 1, 0),
(27, '0003', 2, 10, 0),
(28, '0003', 3, 12, 0),
(29, '0003', 4, 16, 0),
(30, '0003', 5, 20, 0),
(111, '0006', 1, 4, 0),
(112, '0006', 2, 7, 0),
(113, '0006', 3, 12, 0),
(114, '0006', 4, 16, 0),
(115, '0006', 5, 18, 0),
(126, '0005', 1, 3, 0),
(127, '0005', 2, 8, 0),
(128, '0005', 3, 12, 0),
(129, '0005', 4, 17, 0),
(130, '0005', 5, 19, 0);

-- --------------------------------------------------------

--
-- Table structure for table `sub_kriteria`
--

CREATE TABLE `sub_kriteria` (
  `id_sub_kriteria` int(11) NOT NULL,
  `id_kriteria` int(11) NOT NULL,
  `nama` varchar(50) NOT NULL,
  `nilai` float NOT NULL
) ENGINE=InnoDB DEFAULT CHARSET=latin1;

--
-- Dumping data for table `sub_kriteria`
--

INSERT INTO `sub_kriteria` (`id_sub_kriteria`, `id_kriteria`, `nama`, `nilai`) VALUES
(1, 1, '<= 150 cm', 1),
(2, 1, '151 - 160 cm', 2),
(3, 1, '161 - 170 cm', 3),
(4, 1, '171 - 180 cm', 4),
(5, 1, '181 - 190 cm', 5),
(6, 2, '<= 40 kg', 1),
(7, 2, '41 - 50 kg', 2),
(8, 2, '51 - 60 kg', 3),
(9, 2, '61 - 70 kg', 4),
(10, 2, '71 - 80 kg', 5),
(11, 3, '<= 20 Tahun', 1),
(12, 3, '21 - 30 Tahun', 2),
(13, 3, '31 - 40 Tahun', 3),
(14, 3, '41 - 50 Tahun', 4),
(15, 3, '51 - 60 Tahun', 5),
(16, 4, 'Laki-Laki', 1),
(17, 4, 'Perempuan', 2),
(18, 5, 'Ectomorph', 1),
(19, 5, 'Mesomorph', 2),
(20, 5, 'Endomorph', 3),
(21, 1, '>= 190cm', 6),
(22, 2, '>= 81 kg', 6),
(23, 3, '>= 61 kg', 6);

-- --------------------------------------------------------

--
-- Table structure for table `user`
--

CREATE TABLE `user` (
  `id_user` int(5) NOT NULL,
  `username` varchar(16) NOT NULL,
  `password` varchar(50) NOT NULL,
  `nama` varchar(70) NOT NULL,
  `email` varchar(50) DEFAULT NULL,
  `role` char(1) NOT NULL
) ENGINE=InnoDB DEFAULT CHARSET=latin1;

--
-- Dumping data for table `user`
--

INSERT INTO `user` (`id_user`, `username`, `password`, `nama`, `email`, `role`) VALUES
(1, 'admin', 'd033e22ae348aeb5660fc2140aec35850c4da997', 'Admin', 'admin@gmail.com', '1'),
(8, 'user', '12dea96fec20593566ab75692c9949596833adc9', 'User', 'user@gmail.com', '2'),
(10, 'joni', '91010ab2791f95fcd50d52d8b32f5c756438c411', 'Joni', 'joni@gmail.com', '2'),
(11, 'test', 'a94a8fe5ccb19ba61c4c0873d391e987982fbbd3', 'Test', 'test@gmail.com', '2'),
(12, 'fatma', '5e927503d30f50bd44c9a31c6625984c442b78ae', 'Fatma', 'fatma@gmail.com', '2');

--
-- Indexes for dumped tables
--

--
-- Indexes for table `alternatif`
--
ALTER TABLE `alternatif`
  ADD PRIMARY KEY (`id_alternatif`);

--
-- Indexes for table `hasil`
--
ALTER TABLE `hasil`
  ADD PRIMARY KEY (`id_hasil`);

--
-- Indexes for table `kriteria`
--
ALTER TABLE `kriteria`
  ADD PRIMARY KEY (`id_kriteria`);

--
-- Indexes for table `penilaian`
--
ALTER TABLE `penilaian`
  ADD PRIMARY KEY (`id_penilaian`);

--
-- Indexes for table `sub_kriteria`
--
ALTER TABLE `sub_kriteria`
  ADD PRIMARY KEY (`id_sub_kriteria`);

--
-- Indexes for table `user`
--
ALTER TABLE `user`
  ADD PRIMARY KEY (`id_user`);

--
-- AUTO_INCREMENT for dumped tables
--

--
-- AUTO_INCREMENT for table `hasil`
--
ALTER TABLE `hasil`
  MODIFY `id_hasil` int(11) NOT NULL AUTO_INCREMENT, AUTO_INCREMENT=1499;
--
-- AUTO_INCREMENT for table `kriteria`
--
ALTER TABLE `kriteria`
  MODIFY `id_kriteria` int(11) NOT NULL AUTO_INCREMENT, AUTO_INCREMENT=6;
--
-- AUTO_INCREMENT for table `penilaian`
--
ALTER TABLE `penilaian`
  MODIFY `id_penilaian` int(11) NOT NULL AUTO_INCREMENT, AUTO_INCREMENT=131;
--
-- AUTO_INCREMENT for table `sub_kriteria`
--
ALTER TABLE `sub_kriteria`
  MODIFY `id_sub_kriteria` int(11) NOT NULL AUTO_INCREMENT, AUTO_INCREMENT=24;
--
-- AUTO_INCREMENT for table `user`
--
ALTER TABLE `user`
  MODIFY `id_user` int(5) NOT NULL AUTO_INCREMENT, AUTO_INCREMENT=13;
/*!40101 SET CHARACTER_SET_CLIENT=@OLD_CHARACTER_SET_CLIENT */;
/*!40101 SET CHARACTER_SET_RESULTS=@OLD_CHARACTER_SET_RESULTS */;
/*!40101 SET COLLATION_CONNECTION=@OLD_COLLATION_CONNECTION */;
